candidate_id,intention_mention_1,intention_mention_2,intention_mention_3,intention_mention_4,intention_mention_5,intention_mention_6,intention_mention_7,poll_type_id, population,poll_id,poll_type,nb_people,start_date,end_date,folder,population,id,institut,commanditaire,mention1,mention2,mention3,mention4,mention5,mention6,mention7,nombre_mentions,question,name,surname,parti,annonce_candidature,retrait_candidature,second_round,candidate,sans_opinion,rang,mention_majoritaire
EP,9.183673469387756,19.387755102040817,29.591836734693878,20.408163265306122,21.42857142857143,0,,pt1,all,ipsos_202504,pt1,1000,2025-04-09,2025-04-10,polls/ipsos_202504,all,pt1,IPSOS,La Tribune Dimanche,très satisfait,plutôt satisfait,ni satisfait ni insatisfait,plutôt insatisfait,très insatisfait,nan,,5,"Pour chacune des personnalités politiques suivantes, diriez-vous que si elle devenait président(e) de la République en 2027, vous seriez satisfait(e) ou mécontent(e) ?",Edouard,Philippe,,,,,Edouard Philippe,2.0,2,ni satisfait ni insatisfait
JB,18.367346938775512,15.306122448979592,16.3265306122449,11.224489795918368,38.775510204081634,0,,pt1,all,ipsos_202504,pt1,1000,2025-04-09,2025-04-10,polls/ipsos_202504,all,pt1,IPSOS,La Tribune Dimanche,très satisfait,plutôt satisfait,ni satisfait ni insatisfait,plutôt insatisfait,très insatisfait,nan,,5,"Pour chacune des personnalités politiques suivantes, diriez-vous que si elle devenait président(e) de la République en 2027, vous seriez satisfait(e) ou mécontent(e) ?",Jordan,Bardella,Rassemblement National,,,,Jordan Bardella,2.0,15,ni satisfait ni insatisfait
MLP,16.3265306122449,18.367346938775512,15.306122448979592,12.244897959183675,37.755102040816325,0,,pt1,all,ipsos_202504,pt1,1000,2025-04-09,2025-04-10,polls/ipsos_202504,all,pt1,IPSOS,La Tribune Dimanche,très satisfait,plutôt satisfait,ni satisfait ni insatisfait,plutôt insatisfait,très insatisfait,nan,,5,"Pour chacune des personnalités politiques suivantes, diriez-vous que si elle devenait président(e) de la République en 2027, vous seriez satisfait(e) ou mécontent(e) ?",Marine,Le Pen,Rassemblement National,,,,Marine Le Pen,2.0,14,ni satisfait ni insatisfait
RG,5.050505050505051,13.131313131313131,36.36363636363637,20.202020202020204,25.252525252525253,0,,pt1,all,ipsos_202504,pt1,1000,2025-04-09,2025-04-10,polls/ipsos_202504,all,pt1,IPSOS,La Tribune Dimanche,très satisfait,plutôt satisfait,ni satisfait ni insatisfait,plutôt insatisfait,très insatisfait,nan,,5,"Pour chacune des personnalités politiques suivantes, diriez-vous que si elle devenait président(e) de la République en 2027, vous seriez satisfait(e) ou mécontent(e) ?",Raphaël,Glucksmann,,,,,Raphaël Glucksmann,1.0,6,ni satisfait ni insatisfait
FH,4.081632653061225,14.285714285714286,25.510204081632654,22.448979591836736,33.673469387755105,0,,pt1,all,ipsos_202504,pt1,1000,2025-04-09,2025-04-10,polls/ipsos_202504,all,pt1,IPSOS,La Tribune Dimanche,très satisfait,plutôt satisfait,ni satisfait ni insatisfait,plutôt insatisfait,très insatisfait,nan,,5,"Pour chacune des personnalités politiques suivantes, diriez-vous que si elle devenait président(e) de la République en 2027, vous seriez satisfait(e) ou mécontent(e) ?",François,Hollande,Parti Socialiste,,,,François Hollande,2.0,21,plutôt satisfait
FR,5.1020408163265305,13.26530612244898,33.673469387755105,23.46938775510204,24.48979591836735,0,,pt1,all,ipsos_202504,pt1,1000,2025-04-09,2025-04-10,polls/ipsos_202504,all,pt1,IPSOS,La Tribune Dimanche,très satisfait,plutôt satisfait,ni satisfait ni insatisfait,plutôt insatisfait,très insatisfait,nan,,5,"Pour chacune des personnalités politiques suivantes, diriez-vous que si elle devenait président(e) de la République en 2027, vous seriez satisfait(e) ou mécontent(e) ?",François,Ruffin,La France Insoumise,,,,François Ruffin,2.0,10,ni satisfait ni insatisfait
FRo,2.0408163265306123,14.285714285714286,34.69387755102041,23.46938775510204,25.510204081632654,0,,pt1,all,ipsos_202504,pt1,1000,2025-04-09,2025-04-10,polls/ipsos_202504,all,pt1,IPSOS,La Tribune Dimanche,très satisfait,plutôt satisfait,ni satisfait ni insatisfait,plutôt insatisfait,très insatisfait,nan,,5,"Pour chacune des personnalités politiques suivantes, diriez-vous que si elle devenait président(e) de la République en 2027, vous seriez satisfait(e) ou mécontent(e) ?",Fabien,Roussel,Parti Communiste Français,,,,Fabien Roussel,2.0,12,ni satisfait ni insatisfait
GD,5.1020408163265305,22.448979591836736,27.551020408163264,19.387755102040817,25.510204081632654,0,,pt1,all,ipsos_202504,pt1,1000,2025-04-09,2025-04-10,polls/ipsos_202504,all,pt1,IPSOS,La Tribune Dimanche,très satisfait,plutôt satisfait,ni satisfait ni insatisfait,plutôt insatisfait,très insatisfait,nan,,5,"Pour chacune des personnalités politiques suivantes, diriez-vous que si elle devenait président(e) de la République en 2027, vous seriez satisfait(e) ou mécontent(e) ?",Gérald,Darmanin,,,,,Gérald Darmanin,2.0,4,ni satisfait ni insatisfait
BLM,2.0408163265306123,11.224489795918368,32.6530612244898,24.48979591836735,29.591836734693878,0,,pt1,all,ipsos_202504,pt1,1000,2025-04-09,2025-04-10,polls/ipsos_202504,all,pt1,IPSOS,La Tribune Dimanche,très satisfait,plutôt satisfait,ni satisfait ni insatisfait,plutôt insatisfait,très insatisfait,nan,,5,"Pour chacune des personnalités politiques suivantes, diriez-vous que si elle devenait président(e) de la République en 2027, vous seriez satisfait(e) ou mécontent(e) ?",Bruno,Le Maire,,,,,Bruno Le Maire,2.0,18,plutôt satisfait
FB,2.0408163265306123,12.244897959183675,30.612244897959183,26.53061224489796,28.571428571428573,0,,pt1,all,ipsos_202504,pt1,1000,2025-04-09,2025-04-10,polls/ipsos_202504,all,pt1,IPSOS,La Tribune Dimanche,très satisfait,plutôt satisfait,ni satisfait ni insatisfait,plutôt insatisfait,très insatisfait,nan,,5,"Pour chacune des personnalités politiques suivantes, diriez-vous que si elle devenait président(e) de la République en 2027, vous seriez satisfait(e) ou mécontent(e) ?",François,Bayrou,Mouvement Démocrate,,,,François Bayrou,2.0,20,plutôt satisfait
XB,3.0612244897959187,15.306122448979592,33.673469387755105,24.48979591836735,23.46938775510204,0,,pt1,all,ipsos_202504,pt1,1000,2025-04-09,2025-04-10,polls/ipsos_202504,all,pt1,IPSOS,La Tribune Dimanche,très satisfait,plutôt satisfait,ni satisfait ni insatisfait,plutôt insatisfait,très insatisfait,nan,,5,"Pour chacune des personnalités politiques suivantes, diriez-vous que si elle devenait président(e) de la République en 2027, vous seriez satisfait(e) ou mécontent(e) ?",Xavier,Bertrand,Les Républicains,,,,Xavier Bertrand,2.0,9,ni satisfait ni insatisfait
OF,2.0408163265306123,13.26530612244898,36.734693877551024,23.46938775510204,24.48979591836735,0,,pt1,all,ipsos_202504,pt1,1000,2025-04-09,2025-04-10,polls/ipsos_202504,all,pt1,IPSOS,La Tribune Dimanche,très satisfait,plutôt satisfait,ni satisfait ni insatisfait,plutôt insatisfait,très insatisfait,nan,,5,"Pour chacune des personnalités politiques suivantes, diriez-vous que si elle devenait président(e) de la République en 2027, vous seriez satisfait(e) ou mécontent(e) ?",Olivier,Faure,Parti Socialiste,,,,Olivier Faure,2.0,11,ni satisfait ni insatisfait
BC,2.0408163265306123,13.26530612244898,39.79591836734694,23.46938775510204,21.42857142857143,0,,pt1,all,ipsos_202504,pt1,1000,2025-04-09,2025-04-10,polls/ipsos_202504,all,pt1,IPSOS,La Tribune Dimanche,très satisfait,plutôt satisfait,ni satisfait ni insatisfait,plutôt insatisfait,très insatisfait,nan,,5,"Pour chacune des personnalités politiques suivantes, diriez-vous que si elle devenait président(e) de la République en 2027, vous seriez satisfait(e) ou mécontent(e) ?",Bernard,Cazeneuve,Parti Socialiste,,,,Bernard Cazeneuve,2.0,5,ni satisfait ni insatisfait
MT,4.081632653061225,7.142857142857143,33.673469387755105,23.46938775510204,31.63265306122449,0,,pt1,all,ipsos_202504,pt1,1000,2025-04-09,2025-04-10,polls/ipsos_202504,all,pt1,IPSOS,La Tribune Dimanche,très satisfait,plutôt satisfait,ni satisfait ni insatisfait,plutôt insatisfait,très insatisfait,nan,,5,"Pour chacune des personnalités politiques suivantes, diriez-vous que si elle devenait président(e) de la République en 2027, vous seriez satisfait(e) ou mécontent(e) ?",Marine,Tondelier,Europe Écologie Les Verts,,,,Marine Tondelier,2.0,19,plutôt satisfait
LW,2.0408163265306123,10.204081632653061,35.714285714285715,23.46938775510204,28.571428571428573,0,,pt1,all,ipsos_202504,pt1,1000,2025-04-09,2025-04-10,polls/ipsos_202504,all,pt1,IPSOS,La Tribune Dimanche,très satisfait,plutôt satisfait,ni satisfait ni insatisfait,plutôt insatisfait,très insatisfait,nan,,5,"Pour chacune des personnalités politiques suivantes, diriez-vous que si elle devenait président(e) de la République en 2027, vous seriez satisfait(e) ou mécontent(e) ?",Laurent,Wauquiez,Les Républicains,,,,Laurent Wauquiez,2.0,17,plutôt satisfait
YBP,3.0612244897959187,10.204081632653061,40.816326530612244,21.42857142857143,24.48979591836735,0,,pt1,all,ipsos_202504,pt1,1000,2025-04-09,2025-04-10,polls/ipsos_202504,all,pt1,IPSOS,La Tribune Dimanche,très satisfait,plutôt satisfait,ni satisfait ni insatisfait,plutôt insatisfait,très insatisfait,nan,,5,"Pour chacune des personnalités politiques suivantes, diriez-vous que si elle devenait président(e) de la République en 2027, vous seriez satisfait(e) ou mécontent(e) ?",Yaël,Braun-Pivet,,,,,Yaël Braun-Pivet,2.0,7,ni satisfait ni insatisfait
JLM,5.1020408163265305,10.204081632653061,13.26530612244898,13.26530612244898,58.16326530612245,0,,pt1,all,ipsos_202504,pt1,1000,2025-04-09,2025-04-10,polls/ipsos_202504,all,pt1,IPSOS,La Tribune Dimanche,très satisfait,plutôt satisfait,ni satisfait ni insatisfait,plutôt insatisfait,très insatisfait,nan,,5,"Pour chacune des personnalités politiques suivantes, diriez-vous que si elle devenait président(e) de la République en 2027, vous seriez satisfait(e) ou mécontent(e) ?",Jean-Luc,Mélenchon,La France Insoumise,,,,Jean-Luc Mélenchon,2.0,23,très satisfait
EZ,6.0606060606060606,9.090909090909092,16.161616161616163,16.161616161616163,52.525252525252526,0,,pt1,all,ipsos_202504,pt1,1000,2025-04-09,2025-04-10,polls/ipsos_202504,all,pt1,IPSOS,La Tribune Dimanche,très satisfait,plutôt satisfait,ni satisfait ni insatisfait,plutôt insatisfait,très insatisfait,nan,,5,"Pour chacune des personnalités politiques suivantes, diriez-vous que si elle devenait président(e) de la République en 2027, vous seriez satisfait(e) ou mécontent(e) ?",Eric,Zemmour,,,,,Eric Zemmour,1.0,22,très satisfait
MBa,3.0612244897959187,10.204081632653061,37.755102040816325,25.510204081632654,23.46938775510204,0,,pt1,all,ipsos_202504,pt1,1000,2025-04-09,2025-04-10,polls/ipsos_202504,all,pt1,IPSOS,La Tribune Dimanche,très satisfait,plutôt satisfait,ni satisfait ni insatisfait,plutôt insatisfait,très insatisfait,nan,,5,"Pour chacune des personnalités politiques suivantes, diriez-vous que si elle devenait président(e) de la République en 2027, vous seriez satisfait(e) ou mécontent(e) ?",Michel,Barnier,Les Républicains,,,,Michel Barnier,2.0,13,ni satisfait ni insatisfait
GA,7.142857142857143,18.367346938775512,26.53061224489796,23.46938775510204,24.48979591836735,0,,pt1,all,ipsos_202504,pt1,1000,2025-04-09,2025-04-10,polls/ipsos_202504,all,pt1,IPSOS,La Tribune Dimanche,très satisfait,plutôt satisfait,ni satisfait ni insatisfait,plutôt insatisfait,très insatisfait,nan,,5,"Pour chacune des personnalités politiques suivantes, diriez-vous que si elle devenait président(e) de la République en 2027, vous seriez satisfait(e) ou mécontent(e) ?",Gabriel,Attal,La République En Marche,,,,Gabriel Attal,2.0,8,ni satisfait ni insatisfait
BR,10.204081632653061,19.387755102040817,32.6530612244898,17.346938775510203,20.408163265306122,0,,pt1,all,ipsos_202504,pt1,1000,2025-04-09,2025-04-10,polls/ipsos_202504,all,pt1,IPSOS,La Tribune Dimanche,très satisfait,plutôt satisfait,ni satisfait ni insatisfait,plutôt insatisfait,très insatisfait,nan,,5,"Pour chacune des personnalités politiques suivantes, diriez-vous que si elle devenait président(e) de la République en 2027, vous seriez satisfait(e) ou mécontent(e) ?",Bruno,Retailleau,Les Républicains,,,,Bruno Retailleau,2.0,1,ni satisfait ni insatisfait
DL,3.0612244897959187,6.122448979591837,46.93877551020408,21.42857142857143,22.448979591836736,0,,pt1,all,ipsos_202504,pt1,1000,2025-04-09,2025-04-10,polls/ipsos_202504,all,pt1,IPSOS,La Tribune Dimanche,très satisfait,plutôt satisfait,ni satisfait ni insatisfait,plutôt insatisfait,très insatisfait,nan,,5,"Pour chacune des personnalités politiques suivantes, diriez-vous que si elle devenait président(e) de la République en 2027, vous seriez satisfait(e) ou mécontent(e) ?",David,Lisnard,Les Républicains,,,,David Lisnard,2.0,3,ni satisfait ni insatisfait
JC,3.0612244897959187,11.224489795918368,35.714285714285715,25.510204081632654,24.48979591836735,0,,pt1,all,ipsos_202504,pt1,1000,2025-04-09,2025-04-10,polls/ipsos_202504,all,pt1,IPSOS,La Tribune Dimanche,très satisfait,plutôt satisfait,ni satisfait ni insatisfait,plutôt insatisfait,très insatisfait,nan,,5,"Pour chacune des personnalités politiques suivantes, diriez-vous que si elle devenait président(e) de la République en 2027, vous seriez satisfait(e) ou mécontent(e) ?",Jean,Castex,Les Républicains,,,,Jean Castex,2.0,16,ni satisfait ni insatisfait
EP,9.183673469387756,23.46938775510204,31.63265306122449,16.3265306122449,19.387755102040817,0,,pt1,,ipsos_202503,pt1,1000,2025-03-12,2025-03-14,polls/ipsos_202503,all,pt1,IPSOS,La Tribune Dimanche,très satisfait,plutôt satisfait,ni satisfait ni insatisfait,plutôt insatisfait,très insatisfait,nan,,5,"Pour chacune des personnalités politiques suivantes, diriez-vous que si elle devenait président(e) de la République en 2027, vous seriez satisfait(e) ou mécontent(e) ?",Edouard,Philippe,,,,,Edouard Philippe,2.0,1,ni satisfait ni insatisfait
JB,17.346938775510203,17.346938775510203,16.3265306122449,13.26530612244898,35.714285714285715,0,,pt1,,ipsos_202503,pt1,1000,2025-03-12,2025-03-14,polls/ipsos_202503,all,pt1,IPSOS,La Tribune Dimanche,très satisfait,plutôt satisfait,ni satisfait ni insatisfait,plutôt insatisfait,très insatisfait,nan,,5,"Pour chacune des personnalités politiques suivantes, diriez-vous que si elle devenait président(e) de la République en 2027, vous seriez satisfait(e) ou mécontent(e) ?",Jordan,Bardella,Rassemblement National,,,,Jordan Bardella,2.0,14,ni satisfait ni insatisfait
MLP,15.306122448979592,16.3265306122449,18.367346938775512,12.244897959183675,37.755102040816325,0,,pt1,,ipsos_202503,pt1,1000,2025-03-12,2025-03-14,polls/ipsos_202503,all,pt1,IPSOS,La Tribune Dimanche,très satisfait,plutôt satisfait,ni satisfait ni insatisfait,plutôt insatisfait,très insatisfait,nan,,5,"Pour chacune des personnalités politiques suivantes, diriez-vous que si elle devenait président(e) de la République en 2027, vous seriez satisfait(e) ou mécontent(e) ?",Marine,Le Pen,Rassemblement National,,,,Marine Le Pen,2.0,16,ni satisfait ni insatisfait
RG,5.1020408163265305,13.26530612244898,38.775510204081634,20.408163265306122,22.448979591836736,0,,pt1,,ipsos_202503,pt1,1000,2025-03-12,2025-03-14,polls/ipsos_202503,all,pt1,IPSOS,La Tribune Dimanche,très satisfait,plutôt satisfait,ni satisfait ni insatisfait,plutôt insatisfait,très insatisfait,nan,,5,"Pour chacune des personnalités politiques suivantes, diriez-vous que si elle devenait président(e) de la République en 2027, vous seriez satisfait(e) ou mécontent(e) ?",Raphaël,Glucksmann,,,,,Raphaël Glucksmann,2.0,6,ni satisfait ni insatisfait
FH,3.0612244897959187,16.3265306122449,24.48979591836735,22.448979591836736,33.673469387755105,0,,pt1,,ipsos_202503,pt1,1000,2025-03-12,2025-03-14,polls/ipsos_202503,all,pt1,IPSOS,La Tribune Dimanche,très satisfait,plutôt satisfait,ni satisfait ni insatisfait,plutôt insatisfait,très insatisfait,nan,,5,"Pour chacune des personnalités politiques suivantes, diriez-vous que si elle devenait président(e) de la République en 2027, vous seriez satisfait(e) ou mécontent(e) ?",François,Hollande,Parti Socialiste,,,,François Hollande,2.0,21,plutôt satisfait
FR,6.122448979591837,11.224489795918368,36.734693877551024,22.448979591836736,23.46938775510204,0,,pt1,,ipsos_202503,pt1,1000,2025-03-12,2025-03-14,polls/ipsos_202503,all,pt1,IPSOS,La Tribune Dimanche,très satisfait,plutôt satisfait,ni satisfait ni insatisfait,plutôt insatisfait,très insatisfait,nan,,5,"Pour chacune des personnalités politiques suivantes, diriez-vous que si elle devenait président(e) de la République en 2027, vous seriez satisfait(e) ou mécontent(e) ?",François,Ruffin,La France Insoumise,,,,François Ruffin,2.0,10,ni satisfait ni insatisfait
FRo,3.0612244897959187,11.224489795918368,37.755102040816325,23.46938775510204,24.48979591836735,0,,pt1,,ipsos_202503,pt1,1000,2025-03-12,2025-03-14,polls/ipsos_202503,all,pt1,IPSOS,La Tribune Dimanche,très satisfait,plutôt satisfait,ni satisfait ni insatisfait,plutôt insatisfait,très insatisfait,nan,,5,"Pour chacune des personnalités politiques suivantes, diriez-vous que si elle devenait président(e) de la République en 2027, vous seriez satisfait(e) ou mécontent(e) ?",Fabien,Roussel,Parti Communiste Français,,,,Fabien Roussel,2.0,13,ni satisfait ni insatisfait
GD,5.1020408163265305,21.42857142857143,32.6530612244898,18.367346938775512,22.448979591836736,0,,pt1,,ipsos_202503,pt1,1000,2025-03-12,2025-03-14,polls/ipsos_202503,all,pt1,IPSOS,La Tribune Dimanche,très satisfait,plutôt satisfait,ni satisfait ni insatisfait,plutôt insatisfait,très insatisfait,nan,,5,"Pour chacune des personnalités politiques suivantes, diriez-vous que si elle devenait président(e) de la République en 2027, vous seriez satisfait(e) ou mécontent(e) ?",Gérald,Darmanin,,,,,Gérald Darmanin,2.0,3,ni satisfait ni insatisfait
BLM,2.0408163265306123,12.244897959183675,34.69387755102041,22.448979591836736,28.571428571428573,0,,pt1,,ipsos_202503,pt1,1000,2025-03-12,2025-03-14,polls/ipsos_202503,all,pt1,IPSOS,La Tribune Dimanche,très satisfait,plutôt satisfait,ni satisfait ni insatisfait,plutôt insatisfait,très insatisfait,nan,,5,"Pour chacune des personnalités politiques suivantes, diriez-vous que si elle devenait président(e) de la République en 2027, vous seriez satisfait(e) ou mécontent(e) ?",Bruno,Le Maire,,,,,Bruno Le Maire,2.0,18,plutôt satisfait
FB,1.0204081632653061,11.224489795918368,33.673469387755105,26.53061224489796,27.551020408163264,0,,pt1,,ipsos_202503,pt1,1000,2025-03-12,2025-03-14,polls/ipsos_202503,all,pt1,IPSOS,La Tribune Dimanche,très satisfait,plutôt satisfait,ni satisfait ni insatisfait,plutôt insatisfait,très insatisfait,nan,,5,"Pour chacune des personnalités politiques suivantes, diriez-vous que si elle devenait président(e) de la République en 2027, vous seriez satisfait(e) ou mécontent(e) ?",François,Bayrou,Mouvement Démocrate,,,,François Bayrou,2.0,20,plutôt satisfait
XB,3.0612244897959187,12.244897959183675,39.79591836734694,23.46938775510204,21.42857142857143,0,,pt1,,ipsos_202503,pt1,1000,2025-03-12,2025-03-14,polls/ipsos_202503,all,pt1,IPSOS,La Tribune Dimanche,très satisfait,plutôt satisfait,ni satisfait ni insatisfait,plutôt insatisfait,très insatisfait,nan,,5,"Pour chacune des personnalités politiques suivantes, diriez-vous que si elle devenait président(e) de la République en 2027, vous seriez satisfait(e) ou mécontent(e) ?",Xavier,Bertrand,Les Républicains,,,,Xavier Bertrand,2.0,8,ni satisfait ni insatisfait
OF,2.0408163265306123,10.204081632653061,37.755102040816325,25.510204081632654,24.48979591836735,0,,pt1,,ipsos_202503,pt1,1000,2025-03-12,2025-03-14,polls/ipsos_202503,all,pt1,IPSOS,La Tribune Dimanche,très satisfait,plutôt satisfait,ni satisfait ni insatisfait,plutôt insatisfait,très insatisfait,nan,,5,"Pour chacune des personnalités politiques suivantes, diriez-vous que si elle devenait président(e) de la République en 2027, vous seriez satisfait(e) ou mécontent(e) ?",Olivier,Faure,Parti Socialiste,,,,Olivier Faure,2.0,17,ni satisfait ni insatisfait
BC,3.0612244897959187,14.285714285714286,40.816326530612244,23.46938775510204,18.367346938775512,0,,pt1,,ipsos_202503,pt1,1000,2025-03-12,2025-03-14,polls/ipsos_202503,all,pt1,IPSOS,La Tribune Dimanche,très satisfait,plutôt satisfait,ni satisfait ni insatisfait,plutôt insatisfait,très insatisfait,nan,,5,"Pour chacune des personnalités politiques suivantes, diriez-vous que si elle devenait président(e) de la République en 2027, vous seriez satisfait(e) ou mécontent(e) ?",Bernard,Cazeneuve,Parti Socialiste,,,,Bernard Cazeneuve,2.0,5,ni satisfait ni insatisfait
MT,3.0612244897959187,8.16326530612245,36.734693877551024,21.42857142857143,30.612244897959183,0,,pt1,,ipsos_202503,pt1,1000,2025-03-12,2025-03-14,polls/ipsos_202503,all,pt1,IPSOS,La Tribune Dimanche,très satisfait,plutôt satisfait,ni satisfait ni insatisfait,plutôt insatisfait,très insatisfait,nan,,5,"Pour chacune des personnalités politiques suivantes, diriez-vous que si elle devenait président(e) de la République en 2027, vous seriez satisfait(e) ou mécontent(e) ?",Marine,Tondelier,Europe Écologie Les Verts,,,,Marine Tondelier,2.0,19,plutôt satisfait
LW,2.0408163265306123,11.224489795918368,37.755102040816325,23.46938775510204,25.510204081632654,0,,pt1,,ipsos_202503,pt1,1000,2025-03-12,2025-03-14,polls/ipsos_202503,all,pt1,IPSOS,La Tribune Dimanche,très satisfait,plutôt satisfait,ni satisfait ni insatisfait,plutôt insatisfait,très insatisfait,nan,,5,"Pour chacune des personnalités politiques suivantes, diriez-vous que si elle devenait président(e) de la République en 2027, vous seriez satisfait(e) ou mécontent(e) ?",Laurent,Wauquiez,Les Républicains,,,,Laurent Wauquiez,2.0,15,ni satisfait ni insatisfait
YBP,2.0408163265306123,9.183673469387756,44.89795918367347,20.408163265306122,23.46938775510204,0,,pt1,,ipsos_202503,pt1,1000,2025-03-12,2025-03-14,polls/ipsos_202503,all,pt1,IPSOS,La Tribune Dimanche,très satisfait,plutôt satisfait,ni satisfait ni insatisfait,plutôt insatisfait,très insatisfait,nan,,5,"Pour chacune des personnalités politiques suivantes, diriez-vous que si elle devenait président(e) de la République en 2027, vous seriez satisfait(e) ou mécontent(e) ?",Yaël,Braun-Pivet,,,,,Yaël Braun-Pivet,2.0,7,ni satisfait ni insatisfait
JLM,4.081632653061225,8.16326530612245,15.306122448979592,17.346938775510203,55.10204081632653,0,,pt1,,ipsos_202503,pt1,1000,2025-03-12,2025-03-14,polls/ipsos_202503,all,pt1,IPSOS,La Tribune Dimanche,très satisfait,plutôt satisfait,ni satisfait ni insatisfait,plutôt insatisfait,très insatisfait,nan,,5,"Pour chacune des personnalités politiques suivantes, diriez-vous que si elle devenait président(e) de la République en 2027, vous seriez satisfait(e) ou mécontent(e) ?",Jean-Luc,Mélenchon,La France Insoumise,,,,Jean-Luc Mélenchon,2.0,23,très satisfait
EZ,6.122448979591837,9.183673469387756,17.346938775510203,14.285714285714286,53.06122448979592,0,,pt1,,ipsos_202503,pt1,1000,2025-03-12,2025-03-14,polls/ipsos_202503,all,pt1,IPSOS,La Tribune Dimanche,très satisfait,plutôt satisfait,ni satisfait ni insatisfait,plutôt insatisfait,très insatisfait,nan,,5,"Pour chacune des personnalités politiques suivantes, diriez-vous que si elle devenait président(e) de la République en 2027, vous seriez satisfait(e) ou mécontent(e) ?",Eric,Zemmour,,,,,Eric Zemmour,2.0,22,très satisfait
MBa,2.0408163265306123,13.26530612244898,38.775510204081634,24.48979591836735,21.42857142857143,0,,pt1,,ipsos_202503,pt1,1000,2025-03-12,2025-03-14,polls/ipsos_202503,all,pt1,IPSOS,La Tribune Dimanche,très satisfait,plutôt satisfait,ni satisfait ni insatisfait,plutôt insatisfait,très insatisfait,nan,,5,"Pour chacune des personnalités politiques suivantes, diriez-vous que si elle devenait président(e) de la République en 2027, vous seriez satisfait(e) ou mécontent(e) ?",Michel,Barnier,Les Républicains,,,,Michel Barnier,2.0,11,ni satisfait ni insatisfait
GA,5.1020408163265305,21.42857142857143,27.551020408163264,22.448979591836736,23.46938775510204,0,,pt1,,ipsos_202503,pt1,1000,2025-03-12,2025-03-14,polls/ipsos_202503,all,pt1,IPSOS,La Tribune Dimanche,très satisfait,plutôt satisfait,ni satisfait ni insatisfait,plutôt insatisfait,très insatisfait,nan,,5,"Pour chacune des personnalités politiques suivantes, diriez-vous que si elle devenait président(e) de la République en 2027, vous seriez satisfait(e) ou mécontent(e) ?",Gabriel,Attal,La République En Marche,,,,Gabriel Attal,2.0,9,ni satisfait ni insatisfait
BR,9.183673469387756,19.387755102040817,35.714285714285715,14.285714285714286,21.42857142857143,0,,pt1,,ipsos_202503,pt1,1000,2025-03-12,2025-03-14,polls/ipsos_202503,all,pt1,IPSOS,La Tribune Dimanche,très satisfait,plutôt satisfait,ni satisfait ni insatisfait,plutôt insatisfait,très insatisfait,nan,,5,"Pour chacune des personnalités politiques suivantes, diriez-vous que si elle devenait président(e) de la République en 2027, vous seriez satisfait(e) ou mécontent(e) ?",Bruno,Retailleau,Les Républicains,,,,Bruno Retailleau,2.0,2,ni satisfait ni insatisfait
DL,2.0408163265306123,7.142857142857143,50.0,20.408163265306122,20.408163265306122,0,,pt1,,ipsos_202503,pt1,1000,2025-03-12,2025-03-14,polls/ipsos_202503,all,pt1,IPSOS,La Tribune Dimanche,très satisfait,plutôt satisfait,ni satisfait ni insatisfait,plutôt insatisfait,très insatisfait,nan,,5,"Pour chacune des personnalités politiques suivantes, diriez-vous que si elle devenait président(e) de la République en 2027, vous seriez satisfait(e) ou mécontent(e) ?",David,Lisnard,Les Républicains,,,,David Lisnard,2.0,4,ni satisfait ni insatisfait
JC,3.0612244897959187,12.244897959183675,36.734693877551024,24.48979591836735,23.46938775510204,0,,pt1,,ipsos_202503,pt1,1000,2025-03-12,2025-03-14,polls/ipsos_202503,all,pt1,IPSOS,La Tribune Dimanche,très satisfait,plutôt satisfait,ni satisfait ni insatisfait,plutôt insatisfait,très insatisfait,nan,,5,"Pour chacune des personnalités politiques suivantes, diriez-vous que si elle devenait président(e) de la République en 2027, vous seriez satisfait(e) ou mécontent(e) ?",Jean,Castex,Les Républicains,,,,Jean Castex,2.0,12,ni satisfait ni insatisfait
EP,9.183673469387756,19.387755102040817,29.591836734693878,20.408163265306122,21.42857142857143,0,,pt1,all,ipsos_202502,pt1,1000,2025-02-12,2025-02-13,polls/ipsos_202502,all,pt1,IPSOS,La Tribune Dimanche,très satisfait,plutôt satisfait,ni satisfait ni insatisfait,plutôt insatisfait,très insatisfait,nan,,5,"Pour chacune des personnalités politiques suivantes, diriez-vous que si elle devenait président(e) de la République en 2027, vous seriez satisfait(e) ou mécontent(e) ?",Edouard,Philippe,,,,,Edouard Philippe,2.0,2,ni satisfait ni insatisfait
JB,18.367346938775512,15.306122448979592,16.3265306122449,11.224489795918368,38.775510204081634,0,,pt1,all,ipsos_202502,pt1,1000,2025-02-12,2025-02-13,polls/ipsos_202502,all,pt1,IPSOS,La Tribune Dimanche,très satisfait,plutôt satisfait,ni satisfait ni insatisfait,plutôt insatisfait,très insatisfait,nan,,5,"Pour chacune des personnalités politiques suivantes, diriez-vous que si elle devenait président(e) de la République en 2027, vous seriez satisfait(e) ou mécontent(e) ?",Jordan,Bardella,Rassemblement National,,,,Jordan Bardella,2.0,15,ni satisfait ni insatisfait
MLP,16.3265306122449,18.367346938775512,15.306122448979592,12.244897959183675,37.755102040816325,0,,pt1,all,ipsos_202502,pt1,1000,2025-02-12,2025-02-13,polls/ipsos_202502,all,pt1,IPSOS,La Tribune Dimanche,très satisfait,plutôt satisfait,ni satisfait ni insatisfait,plutôt insatisfait,très insatisfait,nan,,5,"Pour chacune des personnalités politiques suivantes, diriez-vous que si elle devenait président(e) de la République en 2027, vous seriez satisfait(e) ou mécontent(e) ?",Marine,Le Pen,Rassemblement National,,,,Marine Le Pen,2.0,14,ni satisfait ni insatisfait
RG,5.050505050505051,13.131313131313131,36.36363636363637,20.202020202020204,25.252525252525253,0,,pt1,all,ipsos_202502,pt1,1000,2025-02-12,2025-02-13,polls/ipsos_202502,all,pt1,IPSOS,La Tribune Dimanche,très satisfait,plutôt satisfait,ni satisfait ni insatisfait,plutôt insatisfait,très insatisfait,nan,,5,"Pour chacune des personnalités politiques suivantes, diriez-vous que si elle devenait président(e) de la République en 2027, vous seriez satisfait(e) ou mécontent(e) ?",Raphaël,Glucksmann,,,,,Raphaël Glucksmann,1.0,6,ni satisfait ni insatisfait
FH,4.081632653061225,14.285714285714286,25.510204081632654,22.448979591836736,33.673469387755105,0,,pt1,all,ipsos_202502,pt1,1000,2025-02-12,2025-02-13,polls/ipsos_202502,all,pt1,IPSOS,La Tribune Dimanche,très satisfait,plutôt satisfait,ni satisfait ni insatisfait,plutôt insatisfait,très insatisfait,nan,,5,"Pour chacune des personnalités politiques suivantes, diriez-vous que si elle devenait président(e) de la République en 2027, vous seriez satisfait(e) ou mécontent(e) ?",François,Hollande,Parti Socialiste,,,,François Hollande,2.0,21,plutôt satisfait
FR,5.1020408163265305,13.26530612244898,33.673469387755105,23.46938775510204,24.48979591836735,0,,pt1,all,ipsos_202502,pt1,1000,2025-02-12,2025-02-13,polls/ipsos_202502,all,pt1,IPSOS,La Tribune Dimanche,très satisfait,plutôt satisfait,ni satisfait ni insatisfait,plutôt insatisfait,très insatisfait,nan,,5,"Pour chacune des personnalités politiques suivantes, diriez-vous que si elle devenait président(e) de la République en 2027, vous seriez satisfait(e) ou mécontent(e) ?",François,Ruffin,La France Insoumise,,,,François Ruffin,2.0,10,ni satisfait ni insatisfait
FRo,2.0408163265306123,14.285714285714286,34.69387755102041,23.46938775510204,25.510204081632654,0,,pt1,all,ipsos_202502,pt1,1000,2025-02-12,2025-02-13,polls/ipsos_202502,all,pt1,IPSOS,La Tribune Dimanche,très satisfait,plutôt satisfait,ni satisfait ni insatisfait,plutôt insatisfait,très insatisfait,nan,,5,"Pour chacune des personnalités politiques suivantes, diriez-vous que si elle devenait président(e) de la République en 2027, vous seriez satisfait(e) ou mécontent(e) ?",Fabien,Roussel,Parti Communiste Français,,,,Fabien Roussel,2.0,12,ni satisfait ni insatisfait
GD,5.1020408163265305,22.448979591836736,27.551020408163264,19.387755102040817,25.510204081632654,0,,pt1,all,ipsos_202502,pt1,1000,2025-02-12,2025-02-13,polls/ipsos_202502,all,pt1,IPSOS,La Tribune Dimanche,très satisfait,plutôt satisfait,ni satisfait ni insatisfait,plutôt insatisfait,très insatisfait,nan,,5,"Pour chacune des personnalités politiques suivantes, diriez-vous que si elle devenait président(e) de la République en 2027, vous seriez satisfait(e) ou mécontent(e) ?",Gérald,Darmanin,,,,,Gérald Darmanin,2.0,4,ni satisfait ni insatisfait
BLM,2.0408163265306123,11.224489795918368,32.6530612244898,24.48979591836735,29.591836734693878,0,,pt1,all,ipsos_202502,pt1,1000,2025-02-12,2025-02-13,polls/ipsos_202502,all,pt1,IPSOS,La Tribune Dimanche,très satisfait,plutôt satisfait,ni satisfait ni insatisfait,plutôt insatisfait,très insatisfait,nan,,5,"Pour chacune des personnalités politiques suivantes, diriez-vous que si elle devenait président(e) de la République en 2027, vous seriez satisfait(e) ou mécontent(e) ?",Bruno,Le Maire,,,,,Bruno Le Maire,2.0,18,plutôt satisfait
FB,2.0408163265306123,12.244897959183675,30.612244897959183,26.53061224489796,28.571428571428573,0,,pt1,all,ipsos_202502,pt1,1000,2025-02-12,2025-02-13,polls/ipsos_202502,all,pt1,IPSOS,La Tribune Dimanche,très satisfait,plutôt satisfait,ni satisfait ni insatisfait,plutôt insatisfait,très insatisfait,nan,,5,"Pour chacune des personnalités politiques suivantes, diriez-vous que si elle devenait président(e) de la République en 2027, vous seriez satisfait(e) ou mécontent(e) ?",François,Bayrou,Mouvement Démocrate,,,,François Bayrou,2.0,20,plutôt satisfait
XB,3.0612244897959187,15.306122448979592,33.673469387755105,24.48979591836735,23.46938775510204,0,,pt1,all,ipsos_202502,pt1,1000,2025-02-12,2025-02-13,polls/ipsos_202502,all,pt1,IPSOS,La Tribune Dimanche,très satisfait,plutôt satisfait,ni satisfait ni insatisfait,plutôt insatisfait,très insatisfait,nan,,5,"Pour chacune des personnalités politiques suivantes, diriez-vous que si elle devenait président(e) de la République en 2027, vous seriez satisfait(e) ou mécontent(e) ?",Xavier,Bertrand,Les Républicains,,,,Xavier Bertrand,2.0,9,ni satisfait ni insatisfait
OF,2.0408163265306123,13.26530612244898,36.734693877551024,23.46938775510204,24.48979591836735,0,,pt1,all,ipsos_202502,pt1,1000,2025-02-12,2025-02-13,polls/ipsos_202502,all,pt1,IPSOS,La Tribune Dimanche,très satisfait,plutôt satisfait,ni satisfait ni insatisfait,plutôt insatisfait,très insatisfait,nan,,5,"Pour chacune des personnalités politiques suivantes, diriez-vous que si elle devenait président(e) de la République en 2027, vous seriez satisfait(e) ou mécontent(e) ?",Olivier,Faure,Parti Socialiste,,,,Olivier Faure,2.0,11,ni satisfait ni insatisfait
BC,2.0408163265306123,13.26530612244898,39.79591836734694,23.46938775510204,21.42857142857143,0,,pt1,all,ipsos_202502,pt1,1000,2025-02-12,2025-02-13,polls/ipsos_202502,all,pt1,IPSOS,La Tribune Dimanche,très satisfait,plutôt satisfait,ni satisfait ni insatisfait,plutôt insatisfait,très insatisfait,nan,,5,"Pour chacune des personnalités politiques suivantes, diriez-vous que si elle devenait président(e) de la République en 2027, vous seriez satisfait(e) ou mécontent(e) ?",Bernard,Cazeneuve,Parti Socialiste,,,,Bernard Cazeneuve,2.0,5,ni satisfait ni insatisfait
MT,4.081632653061225,7.142857142857143,33.673469387755105,23.46938775510204,31.63265306122449,0,,pt1,all,ipsos_202502,pt1,1000,2025-02-12,2025-02-13,polls/ipsos_202502,all,pt1,IPSOS,La Tribune Dimanche,très satisfait,plutôt satisfait,ni satisfait ni insatisfait,plutôt insatisfait,très insatisfait,nan,,5,"Pour chacune des personnalités politiques suivantes, diriez-vous que si elle devenait président(e) de la République en 2027, vous seriez satisfait(e) ou mécontent(e) ?",Marine,Tondelier,Europe Écologie Les Verts,,,,Marine Tondelier,2.0,19,plutôt satisfait
LW,2.0408163265306123,10.204081632653061,35.714285714285715,23.46938775510204,28.571428571428573,0,,pt1,all,ipsos_202502,pt1,1000,2025-02-12,2025-02-13,polls/ipsos_202502,all,pt1,IPSOS,La Tribune Dimanche,très satisfait,plutôt satisfait,ni satisfait ni insatisfait,plutôt insatisfait,très insatisfait,nan,,5,"Pour chacune des personnalités politiques suivantes, diriez-vous que si elle devenait président(e) de la République en 2027, vous seriez satisfait(e) ou mécontent(e) ?",Laurent,Wauquiez,Les Républicains,,,,Laurent Wauquiez,2.0,17,plutôt satisfait
YBP,3.0612244897959187,10.204081632653061,40.816326530612244,21.42857142857143,24.48979591836735,0,,pt1,all,ipsos_202502,pt1,1000,2025-02-12,2025-02-13,polls/ipsos_202502,all,pt1,IPSOS,La Tribune Dimanche,très satisfait,plutôt satisfait,ni satisfait ni insatisfait,plutôt insatisfait,très insatisfait,nan,,5,"Pour chacune des personnalités politiques suivantes, diriez-vous que si elle devenait président(e) de la République en 2027, vous seriez satisfait(e) ou mécontent(e) ?",Yaël,Braun-Pivet,,,,,Yaël Braun-Pivet,2.0,7,ni satisfait ni insatisfait
JLM,5.1020408163265305,10.204081632653061,13.26530612244898,13.26530612244898,58.16326530612245,0,,pt1,all,ipsos_202502,pt1,1000,2025-02-12,2025-02-13,polls/ipsos_202502,all,pt1,IPSOS,La Tribune Dimanche,très satisfait,plutôt satisfait,ni satisfait ni insatisfait,plutôt insatisfait,très insatisfait,nan,,5,"Pour chacune des personnalités politiques suivantes, diriez-vous que si elle devenait président(e) de la République en 2027, vous seriez satisfait(e) ou mécontent(e) ?",Jean-Luc,Mélenchon,La France Insoumise,,,,Jean-Luc Mélenchon,2.0,23,très satisfait
EZ,6.0606060606060606,9.090909090909092,16.161616161616163,16.161616161616163,52.525252525252526,0,,pt1,all,ipsos_202502,pt1,1000,2025-02-12,2025-02-13,polls/ipsos_202502,all,pt1,IPSOS,La Tribune Dimanche,très satisfait,plutôt satisfait,ni satisfait ni insatisfait,plutôt insatisfait,très insatisfait,nan,,5,"Pour chacune des personnalités politiques suivantes, diriez-vous que si elle devenait président(e) de la République en 2027, vous seriez satisfait(e) ou mécontent(e) ?",Eric,Zemmour,,,,,Eric Zemmour,1.0,22,très satisfait
MBa,3.0612244897959187,10.204081632653061,37.755102040816325,25.510204081632654,23.46938775510204,0,,pt1,all,ipsos_202502,pt1,1000,2025-02-12,2025-02-13,polls/ipsos_202502,all,pt1,IPSOS,La Tribune Dimanche,très satisfait,plutôt satisfait,ni satisfait ni insatisfait,plutôt insatisfait,très insatisfait,nan,,5,"Pour chacune des personnalités politiques suivantes, diriez-vous que si elle devenait président(e) de la République en 2027, vous seriez satisfait(e) ou mécontent(e) ?",Michel,Barnier,Les Républicains,,,,Michel Barnier,2.0,13,ni satisfait ni insatisfait
GA,7.142857142857143,18.367346938775512,26.53061224489796,23.46938775510204,24.48979591836735,0,,pt1,all,ipsos_202502,pt1,1000,2025-02-12,2025-02-13,polls/ipsos_202502,all,pt1,IPSOS,La Tribune Dimanche,très satisfait,plutôt satisfait,ni satisfait ni insatisfait,plutôt insatisfait,très insatisfait,nan,,5,"Pour chacune des personnalités politiques suivantes, diriez-vous que si elle devenait président(e) de la République en 2027, vous seriez satisfait(e) ou mécontent(e) ?",Gabriel,Attal,La République En Marche,,,,Gabriel Attal,2.0,8,ni satisfait ni insatisfait
BR,10.204081632653061,19.387755102040817,32.6530612244898,17.346938775510203,20.408163265306122,0,,pt1,all,ipsos_202502,pt1,1000,2025-02-12,2025-02-13,polls/ipsos_202502,all,pt1,IPSOS,La Tribune Dimanche,très satisfait,plutôt satisfait,ni satisfait ni insatisfait,plutôt insatisfait,très insatisfait,nan,,5,"Pour chacune des personnalités politiques suivantes, diriez-vous que si elle devenait président(e) de la République en 2027, vous seriez satisfait(e) ou mécontent(e) ?",Bruno,Retailleau,Les Républicains,,,,Bruno Retailleau,2.0,1,ni satisfait ni insatisfait
DL,3.0612244897959187,6.122448979591837,46.93877551020408,21.42857142857143,22.448979591836736,0,,pt1,all,ipsos_202502,pt1,1000,2025-02-12,2025-02-13,polls/ipsos_202502,all,pt1,IPSOS,La Tribune Dimanche,très satisfait,plutôt satisfait,ni satisfait ni insatisfait,plutôt insatisfait,très insatisfait,nan,,5,"Pour chacune des personnalités politiques suivantes, diriez-vous que si elle devenait président(e) de la République en 2027, vous seriez satisfait(e) ou mécontent(e) ?",David,Lisnard,Les Républicains,,,,David Lisnard,2.0,3,ni satisfait ni insatisfait
JC,3.0612244897959187,11.224489795918368,35.714285714285715,25.510204081632654,24.48979591836735,0,,pt1,all,ipsos_202502,pt1,1000,2025-02-12,2025-02-13,polls/ipsos_202502,all,pt1,IPSOS,La Tribune Dimanche,très satisfait,plutôt satisfait,ni satisfait ni insatisfait,plutôt insatisfait,très insatisfait,nan,,5,"Pour chacune des personnalités politiques suivantes, diriez-vous que si elle devenait président(e) de la République en 2027, vous seriez satisfait(e) ou mécontent(e) ?",Jean,Castex,Les Républicains,,,,Jean Castex,2.0,16,ni satisfait ni insatisfait
EP,7.142857142857143,23.46938775510204,27.551020408163264,20.408163265306122,21.42857142857143,0,,pt1,all,ipsos_202501,pt1,1000,2025-01-08,2025-01-09,polls/ipsos_202501,all,pt1,IPSOS,La Tribune Dimanche,très satisfait,plutôt satisfait,ni satisfait ni insatisfait,plutôt insatisfait,très insatisfait,nan,,5,"Pour chacune des personnalités politiques suivantes, diriez-vous que si elle devenait président(e) de la République en 2027, vous seriez satisfait(e) ou mécontent(e) ?",Edouard,Philippe,,,,,Edouard Philippe,2.0,2,ni satisfait ni insatisfait
JB,16.3265306122449,17.346938775510203,18.367346938775512,10.204081632653061,37.755102040816325,0,,pt1,all,ipsos_202501,pt1,1000,2025-01-08,2025-01-09,polls/ipsos_202501,all,pt1,IPSOS,La Tribune Dimanche,très satisfait,plutôt satisfait,ni satisfait ni insatisfait,plutôt insatisfait,très insatisfait,nan,,5,"Pour chacune des personnalités politiques suivantes, diriez-vous que si elle devenait président(e) de la République en 2027, vous seriez satisfait(e) ou mécontent(e) ?",Jordan,Bardella,Rassemblement National,,,,Jordan Bardella,2.0,9,ni satisfait ni insatisfait
MLP,16.3265306122449,18.367346938775512,16.3265306122449,10.204081632653061,38.775510204081634,0,,pt1,all,ipsos_202501,pt1,1000,2025-01-08,2025-01-09,polls/ipsos_202501,all,pt1,IPSOS,La Tribune Dimanche,très satisfait,plutôt satisfait,ni satisfait ni insatisfait,plutôt insatisfait,très insatisfait,nan,,5,"Pour chacune des personnalités politiques suivantes, diriez-vous que si elle devenait président(e) de la République en 2027, vous seriez satisfait(e) ou mécontent(e) ?",Marine,Le Pen,Rassemblement National,,,,Marine Le Pen,2.0,13,ni satisfait ni insatisfait
RG,5.154639175257731,12.371134020618555,35.051546391752574,23.711340206185564,23.711340206185564,0,,pt1,all,ipsos_202501,pt1,1000,2025-01-08,2025-01-09,polls/ipsos_202501,all,pt1,IPSOS,La Tribune Dimanche,très satisfait,plutôt satisfait,ni satisfait ni insatisfait,plutôt insatisfait,très insatisfait,nan,,5,"Pour chacune des personnalités politiques suivantes, diriez-vous que si elle devenait président(e) de la République en 2027, vous seriez satisfait(e) ou mécontent(e) ?",Raphaël,Glucksmann,,,,,Raphaël Glucksmann,3.0,7,ni satisfait ni insatisfait
FH,4.081632653061225,14.285714285714286,23.46938775510204,21.42857142857143,36.734693877551024,0,,pt1,all,ipsos_202501,pt1,1000,2025-01-08,2025-01-09,polls/ipsos_202501,all,pt1,IPSOS,La Tribune Dimanche,très satisfait,plutôt satisfait,ni satisfait ni insatisfait,plutôt insatisfait,très insatisfait,nan,,5,"Pour chacune des personnalités politiques suivantes, diriez-vous que si elle devenait président(e) de la République en 2027, vous seriez satisfait(e) ou mécontent(e) ?",François,Hollande,Parti Socialiste,,,,François Hollande,2.0,20,plutôt satisfait
FR,5.154639175257731,11.340206185567009,36.08247422680412,22.680412371134018,24.74226804123711,0,,pt1,all,ipsos_202501,pt1,1000,2025-01-08,2025-01-09,polls/ipsos_202501,all,pt1,IPSOS,La Tribune Dimanche,très satisfait,plutôt satisfait,ni satisfait ni insatisfait,plutôt insatisfait,très insatisfait,nan,,5,"Pour chacune des personnalités politiques suivantes, diriez-vous que si elle devenait président(e) de la République en 2027, vous seriez satisfait(e) ou mécontent(e) ?",François,Ruffin,La France Insoumise,,,,François Ruffin,3.0,8,ni satisfait ni insatisfait
FRo,4.081632653061225,10.204081632653061,35.714285714285715,25.510204081632654,24.48979591836735,0,,pt1,all,ipsos_202501,pt1,1000,2025-01-08,2025-01-09,polls/ipsos_202501,all,pt1,IPSOS,La Tribune Dimanche,très satisfait,plutôt satisfait,ni satisfait ni insatisfait,plutôt insatisfait,très insatisfait,nan,,5,"Pour chacune des personnalités politiques suivantes, diriez-vous que si elle devenait président(e) de la République en 2027, vous seriez satisfait(e) ou mécontent(e) ?",Fabien,Roussel,Parti Communiste Français,,,,Fabien Roussel,2.0,16,ni satisfait ni insatisfait
GD,6.122448979591837,17.346938775510203,31.63265306122449,20.408163265306122,24.48979591836735,0,,pt1,all,ipsos_202501,pt1,1000,2025-01-08,2025-01-09,polls/ipsos_202501,all,pt1,IPSOS,La Tribune Dimanche,très satisfait,plutôt satisfait,ni satisfait ni insatisfait,plutôt insatisfait,très insatisfait,nan,,5,"Pour chacune des personnalités politiques suivantes, diriez-vous que si elle devenait président(e) de la République en 2027, vous seriez satisfait(e) ou mécontent(e) ?",Gérald,Darmanin,,,,,Gérald Darmanin,2.0,4,ni satisfait ni insatisfait
BLM,3.0612244897959187,9.183673469387756,33.673469387755105,23.46938775510204,30.612244897959183,0,,pt1,all,ipsos_202501,pt1,1000,2025-01-08,2025-01-09,polls/ipsos_202501,all,pt1,IPSOS,La Tribune Dimanche,très satisfait,plutôt satisfait,ni satisfait ni insatisfait,plutôt insatisfait,très insatisfait,nan,,5,"Pour chacune des personnalités politiques suivantes, diriez-vous que si elle devenait président(e) de la République en 2027, vous seriez satisfait(e) ou mécontent(e) ?",Bruno,Le Maire,,,,,Bruno Le Maire,2.0,18,plutôt satisfait
FB,3.0612244897959187,9.183673469387756,32.6530612244898,28.571428571428573,26.53061224489796,0,,pt1,all,ipsos_202501,pt1,1000,2025-01-08,2025-01-09,polls/ipsos_202501,all,pt1,IPSOS,La Tribune Dimanche,très satisfait,plutôt satisfait,ni satisfait ni insatisfait,plutôt insatisfait,très insatisfait,nan,,5,"Pour chacune des personnalités politiques suivantes, diriez-vous que si elle devenait président(e) de la République en 2027, vous seriez satisfait(e) ou mécontent(e) ?",François,Bayrou,Mouvement Démocrate,,,,François Bayrou,2.0,19,plutôt satisfait
XB,3.0612244897959187,14.285714285714286,34.69387755102041,22.448979591836736,25.510204081632654,0,,pt1,all,ipsos_202501,pt1,1000,2025-01-08,2025-01-09,polls/ipsos_202501,all,pt1,IPSOS,La Tribune Dimanche,très satisfait,plutôt satisfait,ni satisfait ni insatisfait,plutôt insatisfait,très insatisfait,nan,,5,"Pour chacune des personnalités politiques suivantes, diriez-vous que si elle devenait président(e) de la République en 2027, vous seriez satisfait(e) ou mécontent(e) ?",Xavier,Bertrand,Les Républicains,,,,Xavier Bertrand,2.0,11,ni satisfait ni insatisfait
OF,3.0612244897959187,8.16326530612245,40.816326530612244,23.46938775510204,24.48979591836735,0,,pt1,all,ipsos_202501,pt1,1000,2025-01-08,2025-01-09,polls/ipsos_202501,all,pt1,IPSOS,La Tribune Dimanche,très satisfait,plutôt satisfait,ni satisfait ni insatisfait,plutôt insatisfait,très insatisfait,nan,,5,"Pour chacune des personnalités politiques suivantes, diriez-vous que si elle devenait président(e) de la République en 2027, vous seriez satisfait(e) ou mécontent(e) ?",Olivier,Faure,Parti Socialiste,,,,Olivier Faure,2.0,12,ni satisfait ni insatisfait
BC,2.0408163265306123,15.306122448979592,37.755102040816325,23.46938775510204,21.42857142857143,0,,pt1,all,ipsos_202501,pt1,1000,2025-01-08,2025-01-09,polls/ipsos_202501,all,pt1,IPSOS,La Tribune Dimanche,très satisfait,plutôt satisfait,ni satisfait ni insatisfait,plutôt insatisfait,très insatisfait,nan,,5,"Pour chacune des personnalités politiques suivantes, diriez-vous que si elle devenait président(e) de la République en 2027, vous seriez satisfait(e) ou mécontent(e) ?",Bernard,Cazeneuve,Parti Socialiste,,,,Bernard Cazeneuve,2.0,5,ni satisfait ni insatisfait
MT,5.1020408163265305,6.122448979591837,39.79591836734694,20.408163265306122,28.571428571428573,0,,pt1,all,ipsos_202501,pt1,1000,2025-01-08,2025-01-09,polls/ipsos_202501,all,pt1,IPSOS,La Tribune Dimanche,très satisfait,plutôt satisfait,ni satisfait ni insatisfait,plutôt insatisfait,très insatisfait,nan,,5,"Pour chacune des personnalités politiques suivantes, diriez-vous que si elle devenait président(e) de la République en 2027, vous seriez satisfait(e) ou mécontent(e) ?",Marine,Tondelier,Europe Écologie Les Verts,,,,Marine Tondelier,2.0,14,ni satisfait ni insatisfait
LW,3.0612244897959187,9.183673469387756,36.734693877551024,25.510204081632654,25.510204081632654,0,,pt1,all,ipsos_202501,pt1,1000,2025-01-08,2025-01-09,polls/ipsos_202501,all,pt1,IPSOS,La Tribune Dimanche,très satisfait,plutôt satisfait,ni satisfait ni insatisfait,plutôt insatisfait,très insatisfait,nan,,5,"Pour chacune des personnalités politiques suivantes, diriez-vous que si elle devenait président(e) de la République en 2027, vous seriez satisfait(e) ou mécontent(e) ?",Laurent,Wauquiez,Les Républicains,,,,Laurent Wauquiez,2.0,17,plutôt satisfait
YBP,3.0612244897959187,8.16326530612245,43.87755102040816,20.408163265306122,24.48979591836735,0,,pt1,all,ipsos_202501,pt1,1000,2025-01-08,2025-01-09,polls/ipsos_202501,all,pt1,IPSOS,La Tribune Dimanche,très satisfait,plutôt satisfait,ni satisfait ni insatisfait,plutôt insatisfait,très insatisfait,nan,,5,"Pour chacune des personnalités politiques suivantes, diriez-vous que si elle devenait président(e) de la République en 2027, vous seriez satisfait(e) ou mécontent(e) ?",Yaël,Braun-Pivet,,,,,Yaël Braun-Pivet,2.0,6,ni satisfait ni insatisfait
JLM,6.122448979591837,9.183673469387756,14.285714285714286,15.306122448979592,55.10204081632653,0,,pt1,all,ipsos_202501,pt1,1000,2025-01-08,2025-01-09,polls/ipsos_202501,all,pt1,IPSOS,La Tribune Dimanche,très satisfait,plutôt satisfait,ni satisfait ni insatisfait,plutôt insatisfait,très insatisfait,nan,,5,"Pour chacune des personnalités politiques suivantes, diriez-vous que si elle devenait président(e) de la République en 2027, vous seriez satisfait(e) ou mécontent(e) ?",Jean-Luc,Mélenchon,La France Insoumise,,,,Jean-Luc Mélenchon,2.0,22,très satisfait
EZ,5.1020408163265305,9.183673469387756,15.306122448979592,18.367346938775512,52.04081632653061,0,,pt1,all,ipsos_202501,pt1,1000,2025-01-08,2025-01-09,polls/ipsos_202501,all,pt1,IPSOS,La Tribune Dimanche,très satisfait,plutôt satisfait,ni satisfait ni insatisfait,plutôt insatisfait,très insatisfait,nan,,5,"Pour chacune des personnalités politiques suivantes, diriez-vous que si elle devenait président(e) de la République en 2027, vous seriez satisfait(e) ou mécontent(e) ?",Eric,Zemmour,,,,,Eric Zemmour,2.0,21,très satisfait
GA,6.122448979591837,18.367346938775512,27.551020408163264,21.42857142857143,26.53061224489796,0,,pt1,all,ipsos_202501,pt1,1000,2025-01-08,2025-01-09,polls/ipsos_202501,all,pt1,IPSOS,La Tribune Dimanche,très satisfait,plutôt satisfait,ni satisfait ni insatisfait,plutôt insatisfait,très insatisfait,nan,,5,"Pour chacune des personnalités politiques suivantes, diriez-vous que si elle devenait président(e) de la République en 2027, vous seriez satisfait(e) ou mécontent(e) ?",Gabriel,Attal,La République En Marche,,,,Gabriel Attal,2.0,10,ni satisfait ni insatisfait
BR,9.183673469387756,16.3265306122449,36.734693877551024,17.346938775510203,20.408163265306122,0,,pt1,all,ipsos_202501,pt1,1000,2025-01-08,2025-01-09,polls/ipsos_202501,all,pt1,IPSOS,La Tribune Dimanche,très satisfait,plutôt satisfait,ni satisfait ni insatisfait,plutôt insatisfait,très insatisfait,nan,,5,"Pour chacune des personnalités politiques suivantes, diriez-vous que si elle devenait président(e) de la République en 2027, vous seriez satisfait(e) ou mécontent(e) ?",Bruno,Retailleau,Les Républicains,,,,Bruno Retailleau,2.0,1,ni satisfait ni insatisfait
DL,2.0408163265306123,5.1020408163265305,48.9795918367347,21.42857142857143,22.448979591836736,0,,pt1,all,ipsos_202501,pt1,1000,2025-01-08,2025-01-09,polls/ipsos_202501,all,pt1,IPSOS,La Tribune Dimanche,très satisfait,plutôt satisfait,ni satisfait ni insatisfait,plutôt insatisfait,très insatisfait,nan,,5,"Pour chacune des personnalités politiques suivantes, diriez-vous que si elle devenait président(e) de la République en 2027, vous seriez satisfait(e) ou mécontent(e) ?",David,Lisnard,Les Républicains,,,,David Lisnard,2.0,3,ni satisfait ni insatisfait
JC,2.0408163265306123,12.244897959183675,35.714285714285715,26.53061224489796,23.46938775510204,0,,pt1,all,ipsos_202501,pt1,1000,2025-01-08,2025-01-09,polls/ipsos_202501,all,pt1,IPSOS,La Tribune Dimanche,très satisfait,plutôt satisfait,ni satisfait ni insatisfait,plutôt insatisfait,très insatisfait,nan,,5,"Pour chacune des personnalités politiques suivantes, diriez-vous que si elle devenait président(e) de la République en 2027, vous seriez satisfait(e) ou mécontent(e) ?",Jean,Castex,Les Républicains,,,,Jean Castex,2.0,15,ni satisfait ni insatisfait
EP,9.278350515463917,22.680412371134018,26.804123711340203,21.649484536082472,19.58762886597938,0,,pt1,all,ipsos_202411,pt1,1000,2024-11-06,2024-11-07,polls/ipsos_202411,all,pt1,IPSOS,La Tribune Dimanche,très satisfait,plutôt satisfait,ni satisfait ni insatisfait,plutôt insatisfait,très insatisfait,nan,,5,"Pour chacune des personnalités politiques suivantes, diriez-vous que si elle devenait président(e) de la République en 2027, vous seriez satisfait(e) ou mécontent(e) ?",Edouard,Philippe,,,,,Edouard Philippe,3.0,2,ni satisfait ni insatisfait
JB,16.3265306122449,15.306122448979592,18.367346938775512,11.224489795918368,38.775510204081634,0,,pt1,all,ipsos_202411,pt1,1000,2024-11-06,2024-11-07,polls/ipsos_202411,all,pt1,IPSOS,La Tribune Dimanche,très satisfait,plutôt satisfait,ni satisfait ni insatisfait,plutôt insatisfait,très insatisfait,nan,,5,"Pour chacune des personnalités politiques suivantes, diriez-vous que si elle devenait président(e) de la République en 2027, vous seriez satisfait(e) ou mécontent(e) ?",Jordan,Bardella,Rassemblement National,,,,Jordan Bardella,2.0,13,ni satisfait ni insatisfait
MLP,16.49484536082474,16.49484536082474,15.463917525773194,11.340206185567009,40.20618556701031,0,,pt1,all,ipsos_202411,pt1,1000,2024-11-06,2024-11-07,polls/ipsos_202411,all,pt1,IPSOS,La Tribune Dimanche,très satisfait,plutôt satisfait,ni satisfait ni insatisfait,plutôt insatisfait,très insatisfait,nan,,5,"Pour chacune des personnalités politiques suivantes, diriez-vous que si elle devenait président(e) de la République en 2027, vous seriez satisfait(e) ou mécontent(e) ?",Marine,Le Pen,Rassemblement National,,,,Marine Le Pen,3.0,15,plutôt satisfait
RG,6.185567010309278,15.463917525773194,35.051546391752574,23.711340206185564,19.58762886597938,0,,pt1,all,ipsos_202411,pt1,1000,2024-11-06,2024-11-07,polls/ipsos_202411,all,pt1,IPSOS,La Tribune Dimanche,très satisfait,plutôt satisfait,ni satisfait ni insatisfait,plutôt insatisfait,très insatisfait,nan,,5,"Pour chacune des personnalités politiques suivantes, diriez-vous que si elle devenait président(e) de la République en 2027, vous seriez satisfait(e) ou mécontent(e) ?",Raphaël,Glucksmann,,,,,Raphaël Glucksmann,3.0,4,ni satisfait ni insatisfait
FH,4.123711340206185,15.463917525773194,25.773195876288657,22.680412371134018,31.958762886597935,0,,pt1,all,ipsos_202411,pt1,1000,2024-11-06,2024-11-07,polls/ipsos_202411,all,pt1,IPSOS,La Tribune Dimanche,très satisfait,plutôt satisfait,ni satisfait ni insatisfait,plutôt insatisfait,très insatisfait,nan,,5,"Pour chacune des personnalités politiques suivantes, diriez-vous que si elle devenait président(e) de la République en 2027, vous seriez satisfait(e) ou mécontent(e) ?",François,Hollande,Parti Socialiste,,,,François Hollande,3.0,19,plutôt satisfait
FR,6.185567010309278,12.371134020618555,37.113402061855666,22.680412371134018,21.649484536082472,0,,pt1,all,ipsos_202411,pt1,1000,2024-11-06,2024-11-07,polls/ipsos_202411,all,pt1,IPSOS,La Tribune Dimanche,très satisfait,plutôt satisfait,ni satisfait ni insatisfait,plutôt insatisfait,très insatisfait,nan,,5,"Pour chacune des personnalités politiques suivantes, diriez-vous que si elle devenait président(e) de la République en 2027, vous seriez satisfait(e) ou mécontent(e) ?",François,Ruffin,La France Insoumise,,,,François Ruffin,3.0,6,ni satisfait ni insatisfait
FRo,3.092783505154639,13.402061855670102,37.113402061855666,22.680412371134018,23.711340206185564,0,,pt1,all,ipsos_202411,pt1,1000,2024-11-06,2024-11-07,polls/ipsos_202411,all,pt1,IPSOS,La Tribune Dimanche,très satisfait,plutôt satisfait,ni satisfait ni insatisfait,plutôt insatisfait,très insatisfait,nan,,5,"Pour chacune des personnalités politiques suivantes, diriez-vous que si elle devenait président(e) de la République en 2027, vous seriez satisfait(e) ou mécontent(e) ?",Fabien,Roussel,Parti Communiste Français,,,,Fabien Roussel,3.0,9,ni satisfait ni insatisfait
GD,4.123711340206185,14.432989690721648,30.92783505154639,23.711340206185564,26.804123711340203,0,,pt1,all,ipsos_202411,pt1,1000,2024-11-06,2024-11-07,polls/ipsos_202411,all,pt1,IPSOS,La Tribune Dimanche,très satisfait,plutôt satisfait,ni satisfait ni insatisfait,plutôt insatisfait,très insatisfait,nan,,5,"Pour chacune des personnalités politiques suivantes, diriez-vous que si elle devenait président(e) de la République en 2027, vous seriez satisfait(e) ou mécontent(e) ?",Gérald,Darmanin,,,,,Gérald Darmanin,3.0,14,plutôt satisfait
BLM,3.0612244897959187,10.204081632653061,33.673469387755105,24.48979591836735,28.571428571428573,0,,pt1,all,ipsos_202411,pt1,1000,2024-11-06,2024-11-07,polls/ipsos_202411,all,pt1,IPSOS,La Tribune Dimanche,très satisfait,plutôt satisfait,ni satisfait ni insatisfait,plutôt insatisfait,très insatisfait,nan,,5,"Pour chacune des personnalités politiques suivantes, diriez-vous que si elle devenait président(e) de la République en 2027, vous seriez satisfait(e) ou mécontent(e) ?",Bruno,Le Maire,,,,,Bruno Le Maire,2.0,18,plutôt satisfait
FB,2.0618556701030926,12.371134020618555,32.98969072164948,26.804123711340203,25.773195876288657,0,,pt1,all,ipsos_202411,pt1,1000,2024-11-06,2024-11-07,polls/ipsos_202411,all,pt1,IPSOS,La Tribune Dimanche,très satisfait,plutôt satisfait,ni satisfait ni insatisfait,plutôt insatisfait,très insatisfait,nan,,5,"Pour chacune des personnalités politiques suivantes, diriez-vous que si elle devenait président(e) de la République en 2027, vous seriez satisfait(e) ou mécontent(e) ?",François,Bayrou,Mouvement Démocrate,,,,François Bayrou,3.0,17,plutôt satisfait
XB,4.123711340206185,15.463917525773194,36.08247422680412,23.711340206185564,20.618556701030926,0,,pt1,all,ipsos_202411,pt1,1000,2024-11-06,2024-11-07,polls/ipsos_202411,all,pt1,IPSOS,La Tribune Dimanche,très satisfait,plutôt satisfait,ni satisfait ni insatisfait,plutôt insatisfait,très insatisfait,nan,,5,"Pour chacune des personnalités politiques suivantes, diriez-vous que si elle devenait président(e) de la République en 2027, vous seriez satisfait(e) ou mécontent(e) ?",Xavier,Bertrand,Les Républicains,,,,Xavier Bertrand,3.0,5,ni satisfait ni insatisfait
OF,3.0612244897959187,11.224489795918368,38.775510204081634,24.48979591836735,22.448979591836736,0,,pt1,all,ipsos_202411,pt1,1000,2024-11-06,2024-11-07,polls/ipsos_202411,all,pt1,IPSOS,La Tribune Dimanche,très satisfait,plutôt satisfait,ni satisfait ni insatisfait,plutôt insatisfait,très insatisfait,nan,,5,"Pour chacune des personnalités politiques suivantes, diriez-vous que si elle devenait président(e) de la République en 2027, vous seriez satisfait(e) ou mécontent(e) ?",Olivier,Faure,Parti Socialiste,,,,Olivier Faure,2.0,11,ni satisfait ni insatisfait
BC,3.092783505154639,13.402061855670102,39.17525773195876,24.74226804123711,19.58762886597938,0,,pt1,all,ipsos_202411,pt1,1000,2024-11-06,2024-11-07,polls/ipsos_202411,all,pt1,IPSOS,La Tribune Dimanche,très satisfait,plutôt satisfait,ni satisfait ni insatisfait,plutôt insatisfait,très insatisfait,nan,,5,"Pour chacune des personnalités politiques suivantes, diriez-vous que si elle devenait président(e) de la République en 2027, vous seriez satisfait(e) ou mécontent(e) ?",Bernard,Cazeneuve,Parti Socialiste,,,,Bernard Cazeneuve,3.0,7,ni satisfait ni insatisfait
MT,4.123711340206185,9.278350515463917,40.20618556701031,18.556701030927833,27.83505154639175,0,,pt1,all,ipsos_202411,pt1,1000,2024-11-06,2024-11-07,polls/ipsos_202411,all,pt1,IPSOS,La Tribune Dimanche,très satisfait,plutôt satisfait,ni satisfait ni insatisfait,plutôt insatisfait,très insatisfait,nan,,5,"Pour chacune des personnalités politiques suivantes, diriez-vous que si elle devenait président(e) de la République en 2027, vous seriez satisfait(e) ou mécontent(e) ?",Marine,Tondelier,Europe Écologie Les Verts,,,,Marine Tondelier,3.0,10,ni satisfait ni insatisfait
LW,3.0612244897959187,12.244897959183675,32.6530612244898,26.53061224489796,25.510204081632654,0,,pt1,all,ipsos_202411,pt1,1000,2024-11-06,2024-11-07,polls/ipsos_202411,all,pt1,IPSOS,La Tribune Dimanche,très satisfait,plutôt satisfait,ni satisfait ni insatisfait,plutôt insatisfait,très insatisfait,nan,,5,"Pour chacune des personnalités politiques suivantes, diriez-vous que si elle devenait président(e) de la République en 2027, vous seriez satisfait(e) ou mécontent(e) ?",Laurent,Wauquiez,Les Républicains,,,,Laurent Wauquiez,2.0,16,plutôt satisfait
YBP,2.0618556701030926,7.216494845360824,42.268041237113394,22.680412371134018,25.773195876288657,0,,pt1,all,ipsos_202411,pt1,1000,2024-11-06,2024-11-07,polls/ipsos_202411,all,pt1,IPSOS,La Tribune Dimanche,très satisfait,plutôt satisfait,ni satisfait ni insatisfait,plutôt insatisfait,très insatisfait,nan,,5,"Pour chacune des personnalités politiques suivantes, diriez-vous que si elle devenait président(e) de la République en 2027, vous seriez satisfait(e) ou mécontent(e) ?",Yaël,Braun-Pivet,,,,,Yaël Braun-Pivet,3.0,12,ni satisfait ni insatisfait
JLM,6.185567010309278,10.309278350515463,14.432989690721648,15.463917525773194,53.60824742268041,0,,pt1,all,ipsos_202411,pt1,1000,2024-11-06,2024-11-07,polls/ipsos_202411,all,pt1,IPSOS,La Tribune Dimanche,très satisfait,plutôt satisfait,ni satisfait ni insatisfait,plutôt insatisfait,très insatisfait,nan,,5,"Pour chacune des personnalités politiques suivantes, diriez-vous que si elle devenait président(e) de la République en 2027, vous seriez satisfait(e) ou mécontent(e) ?",Jean-Luc,Mélenchon,La France Insoumise,,,,Jean-Luc Mélenchon,3.0,20,très satisfait
EZ,5.1020408163265305,10.204081632653061,13.26530612244898,14.285714285714286,57.142857142857146,0,,pt1,all,ipsos_202411,pt1,1000,2024-11-06,2024-11-07,polls/ipsos_202411,all,pt1,IPSOS,La Tribune Dimanche,très satisfait,plutôt satisfait,ni satisfait ni insatisfait,plutôt insatisfait,très insatisfait,nan,,5,"Pour chacune des personnalités politiques suivantes, diriez-vous que si elle devenait président(e) de la République en 2027, vous seriez satisfait(e) ou mécontent(e) ?",Eric,Zemmour,,,,,Eric Zemmour,2.0,21,très satisfait
GA,7.216494845360824,19.58762886597938,27.83505154639175,23.711340206185564,21.649484536082472,0,,pt1,all,ipsos_202411,pt1,1000,2024-11-06,2024-11-07,polls/ipsos_202411,all,pt1,IPSOS,La Tribune Dimanche,très satisfait,plutôt satisfait,ni satisfait ni insatisfait,plutôt insatisfait,très insatisfait,nan,,5,"Pour chacune des personnalités politiques suivantes, diriez-vous que si elle devenait président(e) de la République en 2027, vous seriez satisfait(e) ou mécontent(e) ?",Gabriel,Attal,La République En Marche,,,,Gabriel Attal,3.0,8,ni satisfait ni insatisfait
BR,7.142857142857143,13.26530612244898,39.79591836734694,19.387755102040817,20.408163265306122,0,,pt1,all,ipsos_202411,pt1,1000,2024-11-06,2024-11-07,polls/ipsos_202411,all,pt1,IPSOS,La Tribune Dimanche,très satisfait,plutôt satisfait,ni satisfait ni insatisfait,plutôt insatisfait,très insatisfait,nan,,5,"Pour chacune des personnalités politiques suivantes, diriez-vous que si elle devenait président(e) de la République en 2027, vous seriez satisfait(e) ou mécontent(e) ?",Bruno,Retailleau,Les Républicains,,,,Bruno Retailleau,2.0,1,ni satisfait ni insatisfait
DL,3.092783505154639,6.185567010309278,49.48453608247422,22.680412371134018,18.556701030927833,0,,pt1,all,ipsos_202411,pt1,1000,2024-11-06,2024-11-07,polls/ipsos_202411,all,pt1,IPSOS,La Tribune Dimanche,très satisfait,plutôt satisfait,ni satisfait ni insatisfait,plutôt insatisfait,très insatisfait,nan,,5,"Pour chacune des personnalités politiques suivantes, diriez-vous que si elle devenait président(e) de la République en 2027, vous seriez satisfait(e) ou mécontent(e) ?",David,Lisnard,Les Républicains,,,,David Lisnard,3.0,3,ni satisfait ni insatisfait
EP,6.25,21.875,29.166666666666668,19.791666666666668,22.916666666666668,0,,pt1,,ipsos_202410,pt1,1000,2024-10-09,2024-10-10,polls/ipsos_202410,all,pt1,IPSOS,La Tribune Dimanche,très satisfait,plutôt satisfait,ni satisfait ni insatisfait,plutôt insatisfait,très insatisfait,nan,,5,"Pour chacune des personnalités politiques suivantes, diriez-vous que si elle devenait président(e) de la République en 2027, vous seriez satisfait(e) ou mécontent(e) ?",Edouard,Philippe,,,,,Edouard Philippe,4.0,1,ni satisfait ni insatisfait
JB,14.432989690721648,15.463917525773194,19.58762886597938,9.278350515463917,41.23711340206185,0,,pt1,,ipsos_202410,pt1,1000,2024-10-09,2024-10-10,polls/ipsos_202410,all,pt1,IPSOS,La Tribune Dimanche,très satisfait,plutôt satisfait,ni satisfait ni insatisfait,plutôt insatisfait,très insatisfait,nan,,5,"Pour chacune des personnalités politiques suivantes, diriez-vous que si elle devenait président(e) de la République en 2027, vous seriez satisfait(e) ou mécontent(e) ?",Jordan,Bardella,Rassemblement National,,,,Jordan Bardella,3.0,13,plutôt satisfait
MLP,13.541666666666668,15.625000000000002,19.791666666666668,10.416666666666668,40.625,0,,pt1,,ipsos_202410,pt1,1000,2024-10-09,2024-10-10,polls/ipsos_202410,all,pt1,IPSOS,La Tribune Dimanche,très satisfait,plutôt satisfait,ni satisfait ni insatisfait,plutôt insatisfait,très insatisfait,nan,,5,"Pour chacune des personnalités politiques suivantes, diriez-vous que si elle devenait président(e) de la République en 2027, vous seriez satisfait(e) ou mécontent(e) ?",Marine,Le Pen,Rassemblement National,,,,Marine Le Pen,4.0,14,plutôt satisfait
RG,4.123711340206185,15.463917525773194,37.113402061855666,20.618556701030926,22.680412371134018,0,,pt1,,ipsos_202410,pt1,1000,2024-10-09,2024-10-10,polls/ipsos_202410,all,pt1,IPSOS,La Tribune Dimanche,très satisfait,plutôt satisfait,ni satisfait ni insatisfait,plutôt insatisfait,très insatisfait,nan,,5,"Pour chacune des personnalités politiques suivantes, diriez-vous que si elle devenait président(e) de la République en 2027, vous seriez satisfait(e) ou mécontent(e) ?",Raphaël,Glucksmann,,,,,Raphaël Glucksmann,3.0,2,ni satisfait ni insatisfait
FH,3.125,13.541666666666668,25.0,23.958333333333336,34.375,0,,pt1,,ipsos_202410,pt1,1000,2024-10-09,2024-10-10,polls/ipsos_202410,all,pt1,IPSOS,La Tribune Dimanche,très satisfait,plutôt satisfait,ni satisfait ni insatisfait,plutôt insatisfait,très insatisfait,nan,,5,"Pour chacune des personnalités politiques suivantes, diriez-vous que si elle devenait président(e) de la République en 2027, vous seriez satisfait(e) ou mécontent(e) ?",François,Hollande,Parti Socialiste,,,,François Hollande,4.0,19,plutôt satisfait
FR,5.208333333333334,11.458333333333334,38.54166666666667,20.833333333333336,23.958333333333336,0,,pt1,,ipsos_202410,pt1,1000,2024-10-09,2024-10-10,polls/ipsos_202410,all,pt1,IPSOS,La Tribune Dimanche,très satisfait,plutôt satisfait,ni satisfait ni insatisfait,plutôt insatisfait,très insatisfait,nan,,5,"Pour chacune des personnalités politiques suivantes, diriez-vous que si elle devenait président(e) de la République en 2027, vous seriez satisfait(e) ou mécontent(e) ?",François,Ruffin,La France Insoumise,,,,François Ruffin,4.0,6,ni satisfait ni insatisfait
FRo,2.0618556701030926,11.340206185567009,37.113402061855666,22.680412371134018,26.804123711340203,0,,pt1,,ipsos_202410,pt1,1000,2024-10-09,2024-10-10,polls/ipsos_202410,all,pt1,IPSOS,La Tribune Dimanche,très satisfait,plutôt satisfait,ni satisfait ni insatisfait,plutôt insatisfait,très insatisfait,nan,,5,"Pour chacune des personnalités politiques suivantes, diriez-vous que si elle devenait président(e) de la République en 2027, vous seriez satisfait(e) ou mécontent(e) ?",Fabien,Roussel,Parti Communiste Français,,,,Fabien Roussel,3.0,11,ni satisfait ni insatisfait
GD,3.092783505154639,13.402061855670102,28.865979381443296,25.773195876288657,28.865979381443296,0,,pt1,,ipsos_202410,pt1,1000,2024-10-09,2024-10-10,polls/ipsos_202410,all,pt1,IPSOS,La Tribune Dimanche,très satisfait,plutôt satisfait,ni satisfait ni insatisfait,plutôt insatisfait,très insatisfait,nan,,5,"Pour chacune des personnalités politiques suivantes, diriez-vous que si elle devenait président(e) de la République en 2027, vous seriez satisfait(e) ou mécontent(e) ?",Gérald,Darmanin,,,,,Gérald Darmanin,3.0,17,plutôt satisfait
BLM,2.0833333333333335,11.458333333333334,31.250000000000004,26.041666666666668,29.166666666666668,0,,pt1,,ipsos_202410,pt1,1000,2024-10-09,2024-10-10,polls/ipsos_202410,all,pt1,IPSOS,La Tribune Dimanche,très satisfait,plutôt satisfait,ni satisfait ni insatisfait,plutôt insatisfait,très insatisfait,nan,,5,"Pour chacune des personnalités politiques suivantes, diriez-vous que si elle devenait président(e) de la République en 2027, vous seriez satisfait(e) ou mécontent(e) ?",Bruno,Le Maire,,,,,Bruno Le Maire,4.0,18,plutôt satisfait
FB,1.0309278350515463,10.309278350515463,37.113402061855666,25.773195876288657,25.773195876288657,0,,pt1,,ipsos_202410,pt1,1000,2024-10-09,2024-10-10,polls/ipsos_202410,all,pt1,IPSOS,La Tribune Dimanche,très satisfait,plutôt satisfait,ni satisfait ni insatisfait,plutôt insatisfait,très insatisfait,nan,,5,"Pour chacune des personnalités politiques suivantes, diriez-vous que si elle devenait président(e) de la République en 2027, vous seriez satisfait(e) ou mécontent(e) ?",François,Bayrou,Mouvement Démocrate,,,,François Bayrou,3.0,15,plutôt satisfait
XB,2.0833333333333335,12.5,36.458333333333336,27.083333333333336,21.875,0,,pt1,,ipsos_202410,pt1,1000,2024-10-09,2024-10-10,polls/ipsos_202410,all,pt1,IPSOS,La Tribune Dimanche,très satisfait,plutôt satisfait,ni satisfait ni insatisfait,plutôt insatisfait,très insatisfait,nan,,5,"Pour chacune des personnalités politiques suivantes, diriez-vous que si elle devenait président(e) de la République en 2027, vous seriez satisfait(e) ou mécontent(e) ?",Xavier,Bertrand,Les Républicains,,,,Xavier Bertrand,4.0,10,ni satisfait ni insatisfait
OF,2.0618556701030926,10.309278350515463,40.20618556701031,21.649484536082472,25.773195876288657,0,,pt1,,ipsos_202410,pt1,1000,2024-10-09,2024-10-10,polls/ipsos_202410,all,pt1,IPSOS,La Tribune Dimanche,très satisfait,plutôt satisfait,ni satisfait ni insatisfait,plutôt insatisfait,très insatisfait,nan,,5,"Pour chacune des personnalités politiques suivantes, diriez-vous que si elle devenait président(e) de la République en 2027, vous seriez satisfait(e) ou mécontent(e) ?",Olivier,Faure,Parti Socialiste,,,,Olivier Faure,3.0,8,ni satisfait ni insatisfait
BC,1.0416666666666667,10.416666666666668,44.79166666666667,22.916666666666668,20.833333333333336,0,,pt1,,ipsos_202410,pt1,1000,2024-10-09,2024-10-10,polls/ipsos_202410,all,pt1,IPSOS,La Tribune Dimanche,très satisfait,plutôt satisfait,ni satisfait ni insatisfait,plutôt insatisfait,très insatisfait,nan,,5,"Pour chacune des personnalités politiques suivantes, diriez-vous que si elle devenait président(e) de la République en 2027, vous seriez satisfait(e) ou mécontent(e) ?",Bernard,Cazeneuve,Parti Socialiste,,,,Bernard Cazeneuve,4.0,4,ni satisfait ni insatisfait
MT,4.123711340206185,8.24742268041237,37.113402061855666,20.618556701030926,29.896907216494842,0,,pt1,,ipsos_202410,pt1,1000,2024-10-09,2024-10-10,polls/ipsos_202410,all,pt1,IPSOS,La Tribune Dimanche,très satisfait,plutôt satisfait,ni satisfait ni insatisfait,plutôt insatisfait,très insatisfait,nan,,5,"Pour chacune des personnalités politiques suivantes, diriez-vous que si elle devenait président(e) de la République en 2027, vous seriez satisfait(e) ou mécontent(e) ?",Marine,Tondelier,Europe Écologie Les Verts,,,,Marine Tondelier,3.0,12,plutôt satisfait
LW,3.092783505154639,9.278350515463917,35.051546391752574,22.680412371134018,29.896907216494842,0,,pt1,,ipsos_202410,pt1,1000,2024-10-09,2024-10-10,polls/ipsos_202410,all,pt1,IPSOS,La Tribune Dimanche,très satisfait,plutôt satisfait,ni satisfait ni insatisfait,plutôt insatisfait,très insatisfait,nan,,5,"Pour chacune des personnalités politiques suivantes, diriez-vous que si elle devenait président(e) de la République en 2027, vous seriez satisfait(e) ou mécontent(e) ?",Laurent,Wauquiez,Les Républicains,,,,Laurent Wauquiez,3.0,16,plutôt satisfait
YBP,2.0618556701030926,8.24742268041237,43.298969072164944,21.649484536082472,24.74226804123711,0,,pt1,,ipsos_202410,pt1,1000,2024-10-09,2024-10-10,polls/ipsos_202410,all,pt1,IPSOS,La Tribune Dimanche,très satisfait,plutôt satisfait,ni satisfait ni insatisfait,plutôt insatisfait,très insatisfait,nan,,5,"Pour chacune des personnalités politiques suivantes, diriez-vous que si elle devenait président(e) de la République en 2027, vous seriez satisfait(e) ou mécontent(e) ?",Yaël,Braun-Pivet,,,,,Yaël Braun-Pivet,3.0,7,ni satisfait ni insatisfait
JLM,5.154639175257731,9.278350515463917,15.463917525773194,13.402061855670102,56.70103092783505,0,,pt1,,ipsos_202410,pt1,1000,2024-10-09,2024-10-10,polls/ipsos_202410,all,pt1,IPSOS,La Tribune Dimanche,très satisfait,plutôt satisfait,ni satisfait ni insatisfait,plutôt insatisfait,très insatisfait,nan,,5,"Pour chacune des personnalités politiques suivantes, diriez-vous que si elle devenait président(e) de la République en 2027, vous seriez satisfait(e) ou mécontent(e) ?",Jean-Luc,Mélenchon,La France Insoumise,,,,Jean-Luc Mélenchon,3.0,20,très satisfait
EZ,2.0833333333333335,7.291666666666667,14.583333333333334,15.625000000000002,60.41666666666667,0,,pt1,,ipsos_202410,pt1,1000,2024-10-09,2024-10-10,polls/ipsos_202410,all,pt1,IPSOS,La Tribune Dimanche,très satisfait,plutôt satisfait,ni satisfait ni insatisfait,plutôt insatisfait,très insatisfait,nan,,5,"Pour chacune des personnalités politiques suivantes, diriez-vous que si elle devenait président(e) de la République en 2027, vous seriez satisfait(e) ou mécontent(e) ?",Eric,Zemmour,,,,,Eric Zemmour,4.0,21,très satisfait
GA,6.25,17.708333333333336,28.125000000000004,21.875,26.041666666666668,0,,pt1,,ipsos_202410,pt1,1000,2024-10-09,2024-10-10,polls/ipsos_202410,all,pt1,IPSOS,La Tribune Dimanche,très satisfait,plutôt satisfait,ni satisfait ni insatisfait,plutôt insatisfait,très insatisfait,nan,,5,"Pour chacune des personnalités politiques suivantes, diriez-vous que si elle devenait président(e) de la République en 2027, vous seriez satisfait(e) ou mécontent(e) ?",Gabriel,Attal,La République En Marche,,,,Gabriel Attal,4.0,9,ni satisfait ni insatisfait
BR,2.0618556701030926,13.402061855670102,41.23711340206185,18.556701030927833,24.74226804123711,0,,pt1,,ipsos_202410,pt1,1000,2024-10-09,2024-10-10,polls/ipsos_202410,all,pt1,IPSOS,La Tribune Dimanche,très satisfait,plutôt satisfait,ni satisfait ni insatisfait,plutôt insatisfait,très insatisfait,nan,,5,"Pour chacune des personnalités politiques suivantes, diriez-vous que si elle devenait président(e) de la République en 2027, vous seriez satisfait(e) ou mécontent(e) ?",Bruno,Retailleau,Les Républicains,,,,Bruno Retailleau,3.0,3,ni satisfait ni insatisfait
DL,2.0833333333333335,5.208333333333334,48.958333333333336,20.833333333333336,22.916666666666668,0,,pt1,,ipsos_202410,pt1,1000,2024-10-09,2024-10-10,polls/ipsos_202410,all,pt1,IPSOS,La Tribune Dimanche,très satisfait,plutôt satisfait,ni satisfait ni insatisfait,plutôt insatisfait,très insatisfait,nan,,5,"Pour chacune des personnalités politiques suivantes, diriez-vous que si elle devenait président(e) de la République en 2027, vous seriez satisfait(e) ou mécontent(e) ?",David,Lisnard,Les Républicains,,,,David Lisnard,4.0,5,ni satisfait ni insatisfait
EP,9.473684210526315,23.157894736842103,29.473684210526315,20.0,17.894736842105264,0,,pt1,,ipsos_202409,pt1,1000,2024-09-11,2024-09-13,polls/ipsos_202409,all,pt1,IPSOS,La Tribune Dimanche,très satisfait,plutôt satisfait,ni satisfait ni insatisfait,plutôt insatisfait,très insatisfait,nan,,5,"Pour chacune des personnalités politiques suivantes, diriez-vous que si elle devenait président(e) de la République en 2027, vous seriez satisfait(e) ou mécontent(e) ?",Edouard,Philippe,,,,,Edouard Philippe,5.0,1,ni satisfait ni insatisfait
JB,15.789473684210526,17.894736842105264,16.842105263157894,10.526315789473683,38.94736842105263,0,,pt1,,ipsos_202409,pt1,1000,2024-09-11,2024-09-13,polls/ipsos_202409,all,pt1,IPSOS,La Tribune Dimanche,très satisfait,plutôt satisfait,ni satisfait ni insatisfait,plutôt insatisfait,très insatisfait,nan,,5,"Pour chacune des personnalités politiques suivantes, diriez-vous que si elle devenait président(e) de la République en 2027, vous seriez satisfait(e) ou mécontent(e) ?",Jordan,Bardella,Rassemblement National,,,,Jordan Bardella,5.0,16,ni satisfait ni insatisfait
MLP,15.789473684210526,17.894736842105264,18.94736842105263,10.526315789473683,36.84210526315789,0,,pt1,,ipsos_202409,pt1,1000,2024-09-11,2024-09-13,polls/ipsos_202409,all,pt1,IPSOS,La Tribune Dimanche,très satisfait,plutôt satisfait,ni satisfait ni insatisfait,plutôt insatisfait,très insatisfait,nan,,5,"Pour chacune des personnalités politiques suivantes, diriez-vous que si elle devenait président(e) de la République en 2027, vous seriez satisfait(e) ou mécontent(e) ?",Marine,Le Pen,Rassemblement National,,,,Marine Le Pen,5.0,14,ni satisfait ni insatisfait
RG,6.315789473684211,18.94736842105263,33.68421052631579,21.052631578947366,20.0,0,,pt1,,ipsos_202409,pt1,1000,2024-09-11,2024-09-13,polls/ipsos_202409,all,pt1,IPSOS,La Tribune Dimanche,très satisfait,plutôt satisfait,ni satisfait ni insatisfait,plutôt insatisfait,très insatisfait,nan,,5,"Pour chacune des personnalités politiques suivantes, diriez-vous que si elle devenait président(e) de la République en 2027, vous seriez satisfait(e) ou mécontent(e) ?",Raphaël,Glucksmann,,,,,Raphaël Glucksmann,5.0,5,ni satisfait ni insatisfait
FR,7.368421052631579,13.68421052631579,35.78947368421053,21.052631578947366,22.105263157894736,0,,pt1,,ipsos_202409,pt1,1000,2024-09-11,2024-09-13,polls/ipsos_202409,all,pt1,IPSOS,La Tribune Dimanche,très satisfait,plutôt satisfait,ni satisfait ni insatisfait,plutôt insatisfait,très insatisfait,nan,,5,"Pour chacune des personnalités politiques suivantes, diriez-vous que si elle devenait président(e) de la République en 2027, vous seriez satisfait(e) ou mécontent(e) ?",François,Ruffin,La France Insoumise,,,,François Ruffin,5.0,7,ni satisfait ni insatisfait
FRo,4.2105263157894735,13.68421052631579,35.78947368421053,23.157894736842103,23.157894736842103,0,,pt1,,ipsos_202409,pt1,1000,2024-09-11,2024-09-13,polls/ipsos_202409,all,pt1,IPSOS,La Tribune Dimanche,très satisfait,plutôt satisfait,ni satisfait ni insatisfait,plutôt insatisfait,très insatisfait,nan,,5,"Pour chacune des personnalités politiques suivantes, diriez-vous que si elle devenait président(e) de la République en 2027, vous seriez satisfait(e) ou mécontent(e) ?",Fabien,Roussel,Parti Communiste Français,,,,Fabien Roussel,5.0,12,ni satisfait ni insatisfait
GD,5.208333333333334,17.708333333333336,30.208333333333336,19.791666666666668,27.083333333333336,0,,pt1,,ipsos_202409,pt1,1000,2024-09-11,2024-09-13,polls/ipsos_202409,all,pt1,IPSOS,La Tribune Dimanche,très satisfait,plutôt satisfait,ni satisfait ni insatisfait,plutôt insatisfait,très insatisfait,nan,,5,"Pour chacune des personnalités politiques suivantes, diriez-vous que si elle devenait président(e) de la République en 2027, vous seriez satisfait(e) ou mécontent(e) ?",Gérald,Darmanin,,,,,Gérald Darmanin,4.0,13,ni satisfait ni insatisfait
BLM,3.1578947368421053,15.789473684210526,35.78947368421053,20.0,25.263157894736842,0,,pt1,,ipsos_202409,pt1,1000,2024-09-11,2024-09-13,polls/ipsos_202409,all,pt1,IPSOS,La Tribune Dimanche,très satisfait,plutôt satisfait,ni satisfait ni insatisfait,plutôt insatisfait,très insatisfait,nan,,5,"Pour chacune des personnalités politiques suivantes, diriez-vous que si elle devenait président(e) de la République en 2027, vous seriez satisfait(e) ou mécontent(e) ?",Bruno,Le Maire,,,,,Bruno Le Maire,5.0,10,ni satisfait ni insatisfait
FB,2.1052631578947367,12.631578947368421,33.68421052631579,26.31578947368421,25.263157894736842,0,,pt1,,ipsos_202409,pt1,1000,2024-09-11,2024-09-13,polls/ipsos_202409,all,pt1,IPSOS,La Tribune Dimanche,très satisfait,plutôt satisfait,ni satisfait ni insatisfait,plutôt insatisfait,très insatisfait,nan,,5,"Pour chacune des personnalités politiques suivantes, diriez-vous que si elle devenait président(e) de la République en 2027, vous seriez satisfait(e) ou mécontent(e) ?",François,Bayrou,Mouvement Démocrate,,,,François Bayrou,5.0,17,plutôt satisfait
XB,4.2105263157894735,14.736842105263158,37.89473684210526,20.0,23.157894736842103,0,,pt1,,ipsos_202409,pt1,1000,2024-09-11,2024-09-13,polls/ipsos_202409,all,pt1,IPSOS,La Tribune Dimanche,très satisfait,plutôt satisfait,ni satisfait ni insatisfait,plutôt insatisfait,très insatisfait,nan,,5,"Pour chacune des personnalités politiques suivantes, diriez-vous que si elle devenait président(e) de la République en 2027, vous seriez satisfait(e) ou mécontent(e) ?",Xavier,Bertrand,Les Républicains,,,,Xavier Bertrand,5.0,8,ni satisfait ni insatisfait
OF,4.2105263157894735,15.789473684210526,38.94736842105263,18.94736842105263,22.105263157894736,0,,pt1,,ipsos_202409,pt1,1000,2024-09-11,2024-09-13,polls/ipsos_202409,all,pt1,IPSOS,La Tribune Dimanche,très satisfait,plutôt satisfait,ni satisfait ni insatisfait,plutôt insatisfait,très insatisfait,nan,,5,"Pour chacune des personnalités politiques suivantes, diriez-vous que si elle devenait président(e) de la République en 2027, vous seriez satisfait(e) ou mécontent(e) ?",Olivier,Faure,Parti Socialiste,,,,Olivier Faure,5.0,6,ni satisfait ni insatisfait
BC,3.1578947368421053,16.842105263157894,40.0,21.052631578947366,18.94736842105263,0,,pt1,,ipsos_202409,pt1,1000,2024-09-11,2024-09-13,polls/ipsos_202409,all,pt1,IPSOS,La Tribune Dimanche,très satisfait,plutôt satisfait,ni satisfait ni insatisfait,plutôt insatisfait,très insatisfait,nan,,5,"Pour chacune des personnalités politiques suivantes, diriez-vous que si elle devenait président(e) de la République en 2027, vous seriez satisfait(e) ou mécontent(e) ?",Bernard,Cazeneuve,Parti Socialiste,,,,Bernard Cazeneuve,5.0,4,ni satisfait ni insatisfait
MT,6.315789473684211,10.526315789473683,37.89473684210526,17.894736842105264,27.36842105263158,0,,pt1,,ipsos_202409,pt1,1000,2024-09-11,2024-09-13,polls/ipsos_202409,all,pt1,IPSOS,La Tribune Dimanche,très satisfait,plutôt satisfait,ni satisfait ni insatisfait,plutôt insatisfait,très insatisfait,nan,,5,"Pour chacune des personnalités politiques suivantes, diriez-vous que si elle devenait président(e) de la République en 2027, vous seriez satisfait(e) ou mécontent(e) ?",Marine,Tondelier,Europe Écologie Les Verts,,,,Marine Tondelier,5.0,11,ni satisfait ni insatisfait
LW,4.166666666666667,12.5,35.41666666666667,21.875,26.041666666666668,0,,pt1,,ipsos_202409,pt1,1000,2024-09-11,2024-09-13,polls/ipsos_202409,all,pt1,IPSOS,La Tribune Dimanche,très satisfait,plutôt satisfait,ni satisfait ni insatisfait,plutôt insatisfait,très insatisfait,nan,,5,"Pour chacune des personnalités politiques suivantes, diriez-vous que si elle devenait président(e) de la République en 2027, vous seriez satisfait(e) ou mécontent(e) ?",Laurent,Wauquiez,Les Républicains,,,,Laurent Wauquiez,4.0,15,ni satisfait ni insatisfait
YBP,3.1578947368421053,11.578947368421051,42.10526315789473,17.894736842105264,25.263157894736842,0,,pt1,,ipsos_202409,pt1,1000,2024-09-11,2024-09-13,polls/ipsos_202409,all,pt1,IPSOS,La Tribune Dimanche,très satisfait,plutôt satisfait,ni satisfait ni insatisfait,plutôt insatisfait,très insatisfait,nan,,5,"Pour chacune des personnalités politiques suivantes, diriez-vous que si elle devenait président(e) de la République en 2027, vous seriez satisfait(e) ou mécontent(e) ?",Yaël,Braun-Pivet,,,,,Yaël Braun-Pivet,5.0,9,ni satisfait ni insatisfait
JLM,5.263157894736842,11.578947368421051,14.736842105263158,14.736842105263158,53.68421052631579,0,,pt1,,ipsos_202409,pt1,1000,2024-09-11,2024-09-13,polls/ipsos_202409,all,pt1,IPSOS,La Tribune Dimanche,très satisfait,plutôt satisfait,ni satisfait ni insatisfait,plutôt insatisfait,très insatisfait,nan,,5,"Pour chacune des personnalités politiques suivantes, diriez-vous que si elle devenait président(e) de la République en 2027, vous seriez satisfait(e) ou mécontent(e) ?",Jean-Luc,Mélenchon,La France Insoumise,,,,Jean-Luc Mélenchon,5.0,18,très satisfait
EZ,4.166666666666667,9.375,17.708333333333336,13.541666666666668,55.208333333333336,0,,pt1,,ipsos_202409,pt1,1000,2024-09-11,2024-09-13,polls/ipsos_202409,all,pt1,IPSOS,La Tribune Dimanche,très satisfait,plutôt satisfait,ni satisfait ni insatisfait,plutôt insatisfait,très insatisfait,nan,,5,"Pour chacune des personnalités politiques suivantes, diriez-vous que si elle devenait président(e) de la République en 2027, vous seriez satisfait(e) ou mécontent(e) ?",Eric,Zemmour,,,,,Eric Zemmour,4.0,19,très satisfait
GA,8.333333333333334,23.958333333333336,28.125000000000004,18.75,20.833333333333336,0,,pt1,,ipsos_202409,pt1,1000,2024-09-11,2024-09-13,polls/ipsos_202409,all,pt1,IPSOS,La Tribune Dimanche,très satisfait,plutôt satisfait,ni satisfait ni insatisfait,plutôt insatisfait,très insatisfait,nan,,5,"Pour chacune des personnalités politiques suivantes, diriez-vous que si elle devenait président(e) de la République en 2027, vous seriez satisfait(e) ou mécontent(e) ?",Gabriel,Attal,La République En Marche,,,,Gabriel Attal,4.0,2,ni satisfait ni insatisfait
DL,2.0833333333333335,8.333333333333334,50.0,17.708333333333336,21.875,0,,pt1,,ipsos_202409,pt1,1000,2024-09-11,2024-09-13,polls/ipsos_202409,all,pt1,IPSOS,La Tribune Dimanche,très satisfait,plutôt satisfait,ni satisfait ni insatisfait,plutôt insatisfait,très insatisfait,nan,,5,"Pour chacune des personnalités politiques suivantes, diriez-vous que si elle devenait président(e) de la République en 2027, vous seriez satisfait(e) ou mécontent(e) ?",David,Lisnard,Les Républicains,,,,David Lisnard,4.0,3,ni satisfait ni insatisfait
EP,6.185567010309278,22.680412371134018,30.92783505154639,17.525773195876287,22.680412371134018,0,,pt1,,ipsos_202505,pt1,1000,2025-05-14,2025-05-16,polls/ipsos_202505,all,pt1,IPSOS,La Tribune Dimanche,très satisfait,plutôt satisfait,ni satisfait ni insatisfait,plutôt insatisfait,très insatisfait,nan,,5,"Pour chacune des personnalités politiques suivantes, diriez-vous que si elle devenait président(e) de la République en 2027, vous seriez satisfait(e) ou mécontent(e) ?",Edouard,Philippe,,,,,Edouard Philippe,3.0,2,ni satisfait ni insatisfait
JB,17.525773195876287,17.525773195876287,19.58762886597938,12.371134020618555,32.98969072164948,0,,pt1,,ipsos_202505,pt1,1000,2025-05-14,2025-05-16,polls/ipsos_202505,all,pt1,IPSOS,La Tribune Dimanche,très satisfait,plutôt satisfait,ni satisfait ni insatisfait,plutôt insatisfait,très insatisfait,nan,,5,"Pour chacune des personnalités politiques suivantes, diriez-vous que si elle devenait président(e) de la République en 2027, vous seriez satisfait(e) ou mécontent(e) ?",Jordan,Bardella,Rassemblement National,,,,Jordan Bardella,3.0,7,ni satisfait ni insatisfait
MLP,19.58762886597938,15.463917525773194,17.525773195876287,12.371134020618555,35.051546391752574,0,,pt1,,ipsos_202505,pt1,1000,2025-05-14,2025-05-16,polls/ipsos_202505,all,pt1,IPSOS,La Tribune Dimanche,très satisfait,plutôt satisfait,ni satisfait ni insatisfait,plutôt insatisfait,très insatisfait,nan,,5,"Pour chacune des personnalités politiques suivantes, diriez-vous que si elle devenait président(e) de la République en 2027, vous seriez satisfait(e) ou mécontent(e) ?",Marine,Le Pen,Rassemblement National,,,,Marine Le Pen,3.0,13,ni satisfait ni insatisfait
RG,4.123711340206185,14.432989690721648,39.17525773195876,20.618556701030926,21.649484536082472,0,,pt1,,ipsos_202505,pt1,1000,2025-05-14,2025-05-16,polls/ipsos_202505,all,pt1,IPSOS,La Tribune Dimanche,très satisfait,plutôt satisfait,ni satisfait ni insatisfait,plutôt insatisfait,très insatisfait,nan,,5,"Pour chacune des personnalités politiques suivantes, diriez-vous que si elle devenait président(e) de la République en 2027, vous seriez satisfait(e) ou mécontent(e) ?",Raphaël,Glucksmann,,,,,Raphaël Glucksmann,3.0,4,ni satisfait ni insatisfait
FH,4.081632653061225,15.306122448979592,26.53061224489796,23.46938775510204,30.612244897959183,0,,pt1,,ipsos_202505,pt1,1000,2025-05-14,2025-05-16,polls/ipsos_202505,all,pt1,IPSOS,La Tribune Dimanche,très satisfait,plutôt satisfait,ni satisfait ni insatisfait,plutôt insatisfait,très insatisfait,nan,,5,"Pour chacune des personnalités politiques suivantes, diriez-vous que si elle devenait président(e) de la République en 2027, vous seriez satisfait(e) ou mécontent(e) ?",François,Hollande,Parti Socialiste,,,,François Hollande,2.0,20,plutôt satisfait
FR,6.185567010309278,12.371134020618555,36.08247422680412,22.680412371134018,22.680412371134018,0,,pt1,,ipsos_202505,pt1,1000,2025-05-14,2025-05-16,polls/ipsos_202505,all,pt1,IPSOS,La Tribune Dimanche,très satisfait,plutôt satisfait,ni satisfait ni insatisfait,plutôt insatisfait,très insatisfait,nan,,5,"Pour chacune des personnalités politiques suivantes, diriez-vous que si elle devenait président(e) de la République en 2027, vous seriez satisfait(e) ou mécontent(e) ?",François,Ruffin,La France Insoumise,,,,François Ruffin,3.0,8,ni satisfait ni insatisfait
FRo,3.092783505154639,10.309278350515463,39.17525773195876,23.711340206185564,23.711340206185564,0,,pt1,,ipsos_202505,pt1,1000,2025-05-14,2025-05-16,polls/ipsos_202505,all,pt1,IPSOS,La Tribune Dimanche,très satisfait,plutôt satisfait,ni satisfait ni insatisfait,plutôt insatisfait,très insatisfait,nan,,5,"Pour chacune des personnalités politiques suivantes, diriez-vous que si elle devenait président(e) de la République en 2027, vous seriez satisfait(e) ou mécontent(e) ?",Fabien,Roussel,Parti Communiste Français,,,,Fabien Roussel,3.0,15,ni satisfait ni insatisfait
GD,6.185567010309278,20.618556701030926,30.92783505154639,18.556701030927833,23.711340206185564,0,,pt1,,ipsos_202505,pt1,1000,2025-05-14,2025-05-16,polls/ipsos_202505,all,pt1,IPSOS,La Tribune Dimanche,très satisfait,plutôt satisfait,ni satisfait ni insatisfait,plutôt insatisfait,très insatisfait,nan,,5,"Pour chacune des personnalités politiques suivantes, diriez-vous que si elle devenait président(e) de la République en 2027, vous seriez satisfait(e) ou mécontent(e) ?",Gérald,Darmanin,,,,,Gérald Darmanin,3.0,3,ni satisfait ni insatisfait
BLM,2.0618556701030926,12.371134020618555,36.08247422680412,22.680412371134018,26.804123711340203,0,,pt1,,ipsos_202505,pt1,1000,2025-05-14,2025-05-16,polls/ipsos_202505,all,pt1,IPSOS,La Tribune Dimanche,très satisfait,plutôt satisfait,ni satisfait ni insatisfait,plutôt insatisfait,très insatisfait,nan,,5,"Pour chacune des personnalités politiques suivantes, diriez-vous que si elle devenait président(e) de la République en 2027, vous seriez satisfait(e) ou mécontent(e) ?",Bruno,Le Maire,,,,,Bruno Le Maire,3.0,17,ni satisfait ni insatisfait
FB,2.0618556701030926,8.24742268041237,29.896907216494842,28.865979381443296,30.92783505154639,0,,pt1,,ipsos_202505,pt1,1000,2025-05-14,2025-05-16,polls/ipsos_202505,all,pt1,IPSOS,La Tribune Dimanche,très satisfait,plutôt satisfait,ni satisfait ni insatisfait,plutôt insatisfait,très insatisfait,nan,,5,"Pour chacune des personnalités politiques suivantes, diriez-vous que si elle devenait président(e) de la République en 2027, vous seriez satisfait(e) ou mécontent(e) ?",François,Bayrou,Mouvement Démocrate,,,,François Bayrou,3.0,23,plutôt satisfait
MM,6.185567010309278,17.525773195876287,21.649484536082472,15.463917525773194,39.17525773195876,0,,pt1,,ipsos_202505,pt1,1000,2025-05-14,2025-05-16,polls/ipsos_202505,all,pt1,IPSOS,La Tribune Dimanche,très satisfait,plutôt satisfait,ni satisfait ni insatisfait,plutôt insatisfait,très insatisfait,nan,,5,"Pour chacune des personnalités politiques suivantes, diriez-vous que si elle devenait président(e) de la République en 2027, vous seriez satisfait(e) ou mécontent(e) ?",Marion,Maréchal,,,,,Marion Maréchal,3.0,21,plutôt satisfait
XB,2.0618556701030926,13.402061855670102,38.14432989690721,23.711340206185564,22.680412371134018,0,,pt1,,ipsos_202505,pt1,1000,2025-05-14,2025-05-16,polls/ipsos_202505,all,pt1,IPSOS,La Tribune Dimanche,très satisfait,plutôt satisfait,ni satisfait ni insatisfait,plutôt insatisfait,très insatisfait,nan,,5,"Pour chacune des personnalités politiques suivantes, diriez-vous que si elle devenait président(e) de la République en 2027, vous seriez satisfait(e) ou mécontent(e) ?",Xavier,Bertrand,Les Républicains,,,,Xavier Bertrand,3.0,12,ni satisfait ni insatisfait
OF,1.0309278350515463,12.371134020618555,41.23711340206185,23.711340206185564,21.649484536082472,0,,pt1,,ipsos_202505,pt1,1000,2025-05-14,2025-05-16,polls/ipsos_202505,all,pt1,IPSOS,La Tribune Dimanche,très satisfait,plutôt satisfait,ni satisfait ni insatisfait,plutôt insatisfait,très insatisfait,nan,,5,"Pour chacune des personnalités politiques suivantes, diriez-vous que si elle devenait président(e) de la République en 2027, vous seriez satisfait(e) ou mécontent(e) ?",Olivier,Faure,Parti Socialiste,,,,Olivier Faure,3.0,9,ni satisfait ni insatisfait
EC,2.0618556701030926,11.340206185567009,29.896907216494842,22.680412371134018,34.020618556701024,0,,pt1,,ipsos_202505,pt1,1000,2025-05-14,2025-05-16,polls/ipsos_202505,all,pt1,IPSOS,La Tribune Dimanche,très satisfait,plutôt satisfait,ni satisfait ni insatisfait,plutôt insatisfait,très insatisfait,nan,,5,"Pour chacune des personnalités politiques suivantes, diriez-vous que si elle devenait président(e) de la République en 2027, vous seriez satisfait(e) ou mécontent(e) ?",Eric,Ciotti,Les Républicains,,,,Eric Ciotti,3.0,22,plutôt satisfait
BC,3.092783505154639,12.371134020618555,40.20618556701031,23.711340206185564,20.618556701030926,0,,pt1,,ipsos_202505,pt1,1000,2025-05-14,2025-05-16,polls/ipsos_202505,all,pt1,IPSOS,La Tribune Dimanche,très satisfait,plutôt satisfait,ni satisfait ni insatisfait,plutôt insatisfait,très insatisfait,nan,,5,"Pour chacune des personnalités politiques suivantes, diriez-vous que si elle devenait président(e) de la République en 2027, vous seriez satisfait(e) ou mécontent(e) ?",Bernard,Cazeneuve,Parti Socialiste,,,,Bernard Cazeneuve,3.0,6,ni satisfait ni insatisfait
MT,3.092783505154639,7.216494845360824,38.14432989690721,22.680412371134018,28.865979381443296,0,,pt1,,ipsos_202505,pt1,1000,2025-05-14,2025-05-16,polls/ipsos_202505,all,pt1,IPSOS,La Tribune Dimanche,très satisfait,plutôt satisfait,ni satisfait ni insatisfait,plutôt insatisfait,très insatisfait,nan,,5,"Pour chacune des personnalités politiques suivantes, diriez-vous que si elle devenait président(e) de la République en 2027, vous seriez satisfait(e) ou mécontent(e) ?",Marine,Tondelier,Europe Écologie Les Verts,,,,Marine Tondelier,3.0,18,plutôt satisfait
LW,3.092783505154639,9.278350515463917,35.051546391752574,26.804123711340203,25.773195876288657,0,,pt1,,ipsos_202505,pt1,1000,2025-05-14,2025-05-16,polls/ipsos_202505,all,pt1,IPSOS,La Tribune Dimanche,très satisfait,plutôt satisfait,ni satisfait ni insatisfait,plutôt insatisfait,très insatisfait,nan,,5,"Pour chacune des personnalités politiques suivantes, diriez-vous que si elle devenait président(e) de la République en 2027, vous seriez satisfait(e) ou mécontent(e) ?",Laurent,Wauquiez,Les Républicains,,,,Laurent Wauquiez,3.0,19,plutôt satisfait
YBP,1.0204081632653061,9.183673469387756,43.87755102040816,21.42857142857143,24.48979591836735,0,,pt1,,ipsos_202505,pt1,1000,2025-05-14,2025-05-16,polls/ipsos_202505,all,pt1,IPSOS,La Tribune Dimanche,très satisfait,plutôt satisfait,ni satisfait ni insatisfait,plutôt insatisfait,très insatisfait,nan,,5,"Pour chacune des personnalités politiques suivantes, diriez-vous que si elle devenait président(e) de la République en 2027, vous seriez satisfait(e) ou mécontent(e) ?",Yaël,Braun-Pivet,,,,,Yaël Braun-Pivet,2.0,10,ni satisfait ni insatisfait
JLM,5.154639175257731,8.24742268041237,14.432989690721648,17.525773195876287,54.63917525773195,0,,pt1,,ipsos_202505,pt1,1000,2025-05-14,2025-05-16,polls/ipsos_202505,all,pt1,IPSOS,La Tribune Dimanche,très satisfait,plutôt satisfait,ni satisfait ni insatisfait,plutôt insatisfait,très insatisfait,nan,,5,"Pour chacune des personnalités politiques suivantes, diriez-vous que si elle devenait président(e) de la République en 2027, vous seriez satisfait(e) ou mécontent(e) ?",Jean-Luc,Mélenchon,La France Insoumise,,,,Jean-Luc Mélenchon,3.0,25,très satisfait
EZ,4.123711340206185,12.371134020618555,15.463917525773194,16.49484536082474,51.546391752577314,0,,pt1,,ipsos_202505,pt1,1000,2025-05-14,2025-05-16,polls/ipsos_202505,all,pt1,IPSOS,La Tribune Dimanche,très satisfait,plutôt satisfait,ni satisfait ni insatisfait,plutôt insatisfait,très insatisfait,nan,,5,"Pour chacune des personnalités politiques suivantes, diriez-vous que si elle devenait président(e) de la République en 2027, vous seriez satisfait(e) ou mécontent(e) ?",Eric,Zemmour,,,,,Eric Zemmour,3.0,24,très satisfait
MBa,2.0618556701030926,11.340206185567009,39.17525773195876,25.773195876288657,21.649484536082472,0,,pt1,,ipsos_202505,pt1,1000,2025-05-14,2025-05-16,polls/ipsos_202505,all,pt1,IPSOS,La Tribune Dimanche,très satisfait,plutôt satisfait,ni satisfait ni insatisfait,plutôt insatisfait,très insatisfait,nan,,5,"Pour chacune des personnalités politiques suivantes, diriez-vous que si elle devenait président(e) de la République en 2027, vous seriez satisfait(e) ou mécontent(e) ?",Michel,Barnier,Les Républicains,,,,Michel Barnier,3.0,14,ni satisfait ni insatisfait
GA,6.185567010309278,19.58762886597938,27.83505154639175,19.58762886597938,26.804123711340203,0,,pt1,,ipsos_202505,pt1,1000,2025-05-14,2025-05-16,polls/ipsos_202505,all,pt1,IPSOS,La Tribune Dimanche,très satisfait,plutôt satisfait,ni satisfait ni insatisfait,plutôt insatisfait,très insatisfait,nan,,5,"Pour chacune des personnalités politiques suivantes, diriez-vous que si elle devenait président(e) de la République en 2027, vous seriez satisfait(e) ou mécontent(e) ?",Gabriel,Attal,La République En Marche,,,,Gabriel Attal,3.0,11,ni satisfait ni insatisfait
BR,9.278350515463917,19.58762886597938,34.020618556701024,16.49484536082474,20.618556701030926,0,,pt1,,ipsos_202505,pt1,1000,2025-05-14,2025-05-16,polls/ipsos_202505,all,pt1,IPSOS,La Tribune Dimanche,très satisfait,plutôt satisfait,ni satisfait ni insatisfait,plutôt insatisfait,très insatisfait,nan,,5,"Pour chacune des personnalités politiques suivantes, diriez-vous que si elle devenait président(e) de la République en 2027, vous seriez satisfait(e) ou mécontent(e) ?",Bruno,Retailleau,Les Républicains,,,,Bruno Retailleau,3.0,1,ni satisfait ni insatisfait
DL,1.0309278350515463,7.216494845360824,48.45360824742268,22.680412371134018,20.618556701030926,0,,pt1,,ipsos_202505,pt1,1000,2025-05-14,2025-05-16,polls/ipsos_202505,all,pt1,IPSOS,La Tribune Dimanche,très satisfait,plutôt satisfait,ni satisfait ni insatisfait,plutôt insatisfait,très insatisfait,nan,,5,"Pour chacune des personnalités politiques suivantes, diriez-vous que si elle devenait président(e) de la République en 2027, vous seriez satisfait(e) ou mécontent(e) ?",David,Lisnard,Les Républicains,,,,David Lisnard,3.0,5,ni satisfait ni insatisfait
JC,2.0408163265306123,14.285714285714286,34.69387755102041,24.48979591836735,24.48979591836735,0,,pt1,,ipsos_202505,pt1,1000,2025-05-14,2025-05-16,polls/ipsos_202505,all,pt1,IPSOS,La Tribune Dimanche,très satisfait,plutôt satisfait,ni satisfait ni insatisfait,plutôt insatisfait,très insatisfait,nan,,5,"Pour chacune des personnalités politiques suivantes, diriez-vous que si elle devenait président(e) de la République en 2027, vous seriez satisfait(e) ou mécontent(e) ?",Jean,Castex,Les Républicains,,,,Jean Castex,2.0,16,ni satisfait ni insatisfait
